{
  "format_version": "1.21.6",
  "credit": "Made with Blockbench",
  "texture_size": [
    32,
    32
  ],
  "elements": [
    {
      "from": [
        6.9,
        -8.518,
        6.6
      ],
      "to": [
        9.1,
        -7.418,
        8.8
      ],
      "rotation": {
        "angle": 21,
        "axis": "x",
        "origin": [
          7,
          -8.518,
          8.6
        ]
      },
      "faces": {
        "north": {
          "uv": [
            8.5,
            7,
            7.5,
            7.5
          ],
          "texture": "#2"
        },
        "east": {
          "uv": [
            8.5,
            6.5,
            7.5,
            7
          ],
          "texture": "#2"
        },
        "south": {
          "uv": [
            8.5,
            6,
            7.5,
            6.5
          ],
          "texture": "#2"
        },
        "west": {
          "uv": [
            8.5,
            7.5,
            7.5,
            8
          ],
          "texture": "#2"
        },
        "up": {
          "uv": [
            3.5,
            6,
            2.5,
            7
          ],
          "texture": "#2"
        },
        "down": {
          "uv": [
            4.5,
            7,
            3.5,
            6
          ],
          "texture": "#2"
        }
      }
    },
    {
      "from": [
        7,
        -7.418,
        7
      ],
      "to": [
        9,
        4.382,
        9
      ],
      "rotation": {
        "angle": 0,
        "axis": "y",
        "origin": [
          7,
          -7.418,
          9
        ]
      },
      "faces": {
        "north": {
          "uv": [
            5,
            0,
            4,
            6
          ],
          "texture": "#2"
        },
        "east": {
          "uv": [
            4,
            0,
            3,
            6
          ],
          "texture": "#2"
        },
        "south": {
          "uv": [
            3,
            0,
            2,
            6
          ],
          "texture": "#2"
        },
        "west": {
          "uv": [
            6,
            0,
            5,
            6
          ],
          "texture": "#2"
        },
        "up": {
          "uv": [
            5.5,
            6,
            4.5,
            7
          ],
          "texture": "#2"
        },
        "down": {
          "uv": [
            7.5,
            1,
            6.5,
            0
          ],
          "texture": "#2"
        }
      }
    },
    {
      "from": [
        6,
        2.482,
        6
      ],
      "to": [
        8,
        4.482,
        8
      ],
      "rotation": {
        "angle": 0,
        "axis": "y",
        "origin": [
          6,
          2.482,
          8
        ]
      },
      "faces": {
        "north": {
          "uv": [
            7.5,
            3,
            6.5,
            4
          ],
          "texture": "#2"
        },
        "east": {
          "uv": [
            7.5,
            2,
            6.5,
            3
          ],
          "texture": "#2"
        },
        "south": {
          "uv": [
            7.5,
            1,
            6.5,
            2
          ],
          "texture": "#2"
        },
        "west": {
          "uv": [
            7.5,
            4,
            6.5,
            5
          ],
          "texture": "#2"
        },
        "up": {
          "uv": [
            7.5,
            5,
            6.5,
            6
          ],
          "texture": "#2"
        },
        "down": {
          "uv": [
            7.5,
            7,
            6.5,
            6
          ],
          "texture": "#2"
        }
      }
    },
    {
      "from": [
        8,
        2.482,
        6
      ],
      "to": [
        10,
        4.482,
        8
      ],
      "rotation": {
        "angle": 0,
        "axis": "y",
        "origin": [
          8,
          2.482,
          8
        ]
      },
      "faces": {
        "north": {
          "uv": [
            5.5,
            7,
            4.5,
            8
          ],
          "texture": "#2"
        },
        "east": {
          "uv": [
            4.5,
            7,
            3.5,
            8
          ],
          "texture": "#2"
        },
        "south": {
          "uv": [
            3.5,
            7,
            2.5,
            8
          ],
          "texture": "#2"
        },
        "west": {
          "uv": [
            7.5,
            7,
            6.5,
            8
          ],
          "texture": "#2"
        },
        "up": {
          "uv": [
            8.5,
            0,
            7.5,
            1
          ],
          "texture": "#2"
        },
        "down": {
          "uv": [
            8.5,
            2,
            7.5,
            1
          ],
          "texture": "#2"
        }
      }
    },
    {
      "from": [
        7.1,
        4.382,
        7.1
      ],
      "to": [
        8.9,
        4.682,
        8.9
      ],
      "rotation": {
        "angle": 0,
        "axis": "y",
        "origin": [
          7,
          4.382,
          9
        ]
      },
      "faces": {
        "north": {
          "uv": [
            3.5,
            8,
            2.5,
            8.5
          ],
          "texture": "#2"
        },
        "east": {
          "uv": [
            2,
            8,
            1,
            8.5
          ],
          "texture": "#2"
        },
        "south": {
          "uv": [
            1,
            8,
            0,
            8.5
          ],
          "texture": "#2"
        },
        "west": {
          "uv": [
            4.5,
            8,
            3.5,
            8.5
          ],
          "texture": "#2"
        },
        "up": {
          "uv": [
            8.5,
            2,
            7.5,
            3
          ],
          "texture": "#2"
        },
        "down": {
          "uv": [
            8.5,
            4,
            7.5,
            3
          ],
          "texture": "#2"
        }
      }
    },
    {
      "from": [
        6.8,
        4.682,
        6.8
      ],
      "to": [
        9.2,
        4.982,
        9.2
      ],
      "rotation": {
        "angle": 0,
        "axis": "y",
        "origin": [
          7,
          4.682,
          9.1
        ]
      },
      "faces": {
        "north": {
          "uv": [
            7.5,
            8,
            6.5,
            8.5
          ],
          "texture": "#2"
        },
        "east": {
          "uv": [
            6.5,
            8,
            5.5,
            8.5
          ],
          "texture": "#2"
        },
        "south": {
          "uv": [
            5.5,
            8,
            4.5,
            8.5
          ],
          "texture": "#2"
        },
        "west": {
          "uv": [
            8.5,
            8,
            7.5,
            8.5
          ],
          "texture": "#2"
        },
        "up": {
          "uv": [
            8.5,
            4,
            7.5,
            5
          ],
          "texture": "#2"
        },
        "down": {
          "uv": [
            8.5,
            6,
            7.5,
            5
          ],
          "texture": "#2"
        }
      }
    },
    {
      "from": [
        7.7,
        4.982,
        7
      ],
      "to": [
        8.3,
        25.982,
        8.3
      ],
      "rotation": {
        "angle": 0,
        "axis": "y",
        "origin": [
          7,
          4.982,
          9
        ]
      },
      "faces": {
        "north": {
          "uv": [
            0,
            0,
            0.5,
            10.5
          ],
          "texture": "#3"
        },
        "east": {
          "uv": [
            0.5,
            0,
            1,
            10.5
          ],
          "texture": "#3"
        },
        "south": {
          "uv": [
            1,
            0,
            1.5,
            10.5
          ],
          "texture": "#3"
        },
        "west": {
          "uv": [
            1.5,
            0,
            2,
            10.5
          ],
          "texture": "#3"
        },
        "up": {
          "uv": [
            5,
            3.5,
            4.5,
            3
          ],
          "texture": "#3"
        },
        "down": {
          "uv": [
            5,
            3.5,
            4.5,
            4
          ],
          "texture": "#3"
        }
      }
    },
    {
      "from": [
        7.6,
        4.982,
        7.7
      ],
      "to": [
        8.4,
        25.982,
        9
      ],
      "rotation": {
        "angle": 0,
        "axis": "y",
        "origin": [
          7,
          4.982,
          9.7
        ]
      },
      "faces": {
        "north": {
          "uv": [
            2,
            0,
            2.5,
            10.5
          ],
          "texture": "#3"
        },
        "east": {
          "uv": [
            2.5,
            0,
            3,
            10.5
          ],
          "texture": "#3"
        },
        "south": {
          "uv": [
            3,
            0,
            3.5,
            10.5
          ],
          "texture": "#3"
        },
        "west": {
          "uv": [
            3.5,
            0,
            4,
            10.5
          ],
          "texture": "#3"
        },
        "up": {
          "uv": [
            5,
            4.5,
            4.5,
            4
          ],
          "texture": "#3"
        },
        "down": {
          "uv": [
            5,
            4.5,
            4.5,
            5
          ],
          "texture": "#3"
        }
      }
    },
    {
      "from": [
        7.8,
        25.582,
        7.5
      ],
      "to": [
        8.2,
        27.382,
        8.2
      ],
      "rotation": {
        "angle": 22.5,
        "axis": "x",
        "origin": [
          8,
          27.182,
          8.15
        ]
      },
      "faces": {
        "north": {
          "uv": [
            4,
            0,
            4.5,
            1
          ],
          "texture": "#3"
        },
        "east": {
          "uv": [
            4,
            1,
            4.5,
            2
          ],
          "texture": "#3"
        },
        "south": {
          "uv": [
            4,
            2,
            4.5,
            3
          ],
          "texture": "#3"
        },
        "west": {
          "uv": [
            4,
            3,
            4.5,
            4
          ],
          "texture": "#3"
        },
        "up": {
          "uv": [
            5.5,
            0.5,
            5,
            0
          ],
          "texture": "#3"
        },
        "down": {
          "uv": [
            5.5,
            0.5,
            5,
            1
          ],
          "texture": "#3"
        }
      }
    },
    {
      "from": [
        7.6,
        25.882,
        7.7
      ],
      "to": [
        8.4,
        26.982,
        9
      ],
      "rotation": {
        "angle": 0,
        "axis": "y",
        "origin": [
          7,
          25.882,
          9.7
        ]
      },
      "faces": {
        "north": {
          "uv": [
            5,
            1,
            5.5,
            1.5
          ],
          "texture": "#3"
        },
        "east": {
          "uv": [
            5,
            1.5,
            5.5,
            2
          ],
          "texture": "#3"
        },
        "south": {
          "uv": [
            5,
            2,
            5.5,
            2.5
          ],
          "texture": "#3"
        },
        "west": {
          "uv": [
            5,
            2.5,
            5.5,
            3
          ],
          "texture": "#3"
        },
        "up": {
          "uv": [
            5.5,
            3.5,
            5,
            3
          ],
          "texture": "#3"
        },
        "down": {
          "uv": [
            5.5,
            3.5,
            5,
            4
          ],
          "texture": "#3"
        }
      }
    },
    {
      "from": [
        7.85,
        25.882,
        7.6
      ],
      "to": [
        8.15,
        27.582,
        8.95
      ],
      "rotation": {
        "angle": 0,
        "axis": "x",
        "origin": [
          8,
          27.382,
          8.25
        ]
      },
      "faces": {
        "north": {
          "uv": [
            4,
            4,
            4.5,
            5
          ],
          "texture": "#3"
        },
        "east": {
          "uv": [
            4.5,
            0,
            5,
            1
          ],
          "texture": "#3"
        },
        "south": {
          "uv": [
            4.5,
            1,
            5,
            2
          ],
          "texture": "#3"
        },
        "west": {
          "uv": [
            4.5,
            2,
            5,
            3
          ],
          "texture": "#3"
        },
        "up": {
          "uv": [
            4.5,
            5.5,
            4,
            5
          ],
          "texture": "#3"
        },
        "down": {
          "uv": [
            5.5,
            4,
            5,
            4.5
          ],
          "texture": "#3"
        }
      }
    }
  ],
  "display": {
    "thirdperson_righthand": {
      "translation": [
        0,
        7,
        2
      ]
    },
    "thirdperson_lefthand": {
      "rotation": [
        -2.15,
        -1.79,
        179.29
      ],
      "translation": [
        0,
        14.75,
        1.25
      ]
    },
    "firstperson_righthand": {
      "rotation": [
        -17.5,
        0,
        -36.75
      ],
      "translation": [
        6.25,
        2.25,
        -7.5
      ]
    },
    "firstperson_lefthand": {
      "rotation": [
        -34,
        180,
        -180
      ],
      "translation": [
        7.25,
        -1.5,
        -7.5
      ],
      "scale": [
        1,
        0.99,
        1
      ]
    },
    "ground": {
      "rotation": [
        0,
        0,
        -90
      ],
      "translation": [
        0,
        -0.5,
        1
      ]
    },
    "gui": {
      "rotation": [
        -76.84,
        -44.95,
        -80.62
      ],
      "translation": [
        -0.5,
        -0.75,
        0
      ],
      "scale": [
        0.69,
        0.59,
        0.56
      ]
    },
    "head": {
      "rotation": [
        -90.5,
        0,
        0
      ],
      "translation": [
        0,
        -5,
        -17.25
      ],
      "scale": [
        1.45,
        1.43,
        1.4
      ]
    },
    "fixed": {
      "rotation": [
        90,
        -80.25,
        87.25
      ],
      "translation": [
        0,
        0,
        -2.25
      ]
    },
    "on_shelf": {
      "rotation": [
        0,
        -85,
        0
      ],
      "scale": [
        0.68,
        0.69,
        0.67
      ]
    }
  }
}