{
  "display": {
    "icon": {
      "id": "fire_stone:infected_amethyst"
    },
    "title": {
      "translate": "advancements.ametist_infection_achivment.title"
    },
    "description": {
      "translate": "advancements.ametist_infection_achivment.descr"
    },
    "frame": "goal",
    "show_toast": true,
    "announce_to_chat": false,
    "hidden": true
  },
  "criteria": {
    "ametist_infection_achivment_0": {
      "trigger": "minecraft:inventory_changed",
      "conditions": {
        "items": [
          {
            "items": [
              "fire_stone:infected_amethyst"
            ],
            "count": {
              "min": 1,
              "max": 1
            }
          }
        ]
      }
    },
    "ametist_infection_achivment_1": {
      "trigger": "minecraft:impossible"
    }
  },
  "parent": "fire_stone:ametist_infection_achivment"
}