{
  "_fv": 79,
  "_type": "potioneffect",
  "definition": {
    "effectName": "Amethyst Infection",
    "icon": "infect",
    "color": {
      "value": -6750055,
      "falpha": 0.0
    },
    "particle": {
      "value": "END_ROD"
    },
    "onAddedSound": {
      "value": ""
    },
    "isInstant": false,
    "mobEffectCategory": "HARMFUL",
    "renderStatusInInventory": true,
    "renderStatusInHUD": true,
    "isCuredbyHoney": false,
    "modifiers": [],
    "onStarted": {
      "name": "AmethystInfectionPriNalozhieniiEffiekta"
    }
  }
}