{
  "_fv": 79,
  "_type": "procedure",
  "definition": {
    "procedurexml": "<xml xmlns=\"https://developers.google.com/blockly/xml\"><block type=\"event_trigger\" deletable=\"false\" x=\"40\" y=\"40\"><field name=\"trigger\">no_ext_trigger</field><next><block type=\"controls_if\"><value name=\"IF0\"><block type=\"logic_ternary_op\"><mutation xmlns=\"http://www.w3.org/1999/xhtml\" mark=\"false\"></mutation><value name=\"condition\"><block type=\"entity_has_item_inventory\"><value name=\"entity\"><block type=\"entity_from_deps\"></block></value><value name=\"item\"><block type=\"mcitem_all\"><field name=\"value\">CUSTOM:InfectedAmethyst</field></block></value></block></value><value name=\"THEN\"><block type=\"logic_boolean\"><field name=\"BOOL\">TRUE</field></block></value><value name=\"ELSE\"><block type=\"logic_boolean\"><field name=\"BOOL\">FALSE</field></block></value></block></value><statement name=\"DO0\"><block type=\"entity_add_potion\"><field name=\"potion\">BLINDNESS</field><value name=\"level\"><block type=\"math_number\"><field name=\"NUM\">1</field></block></value><value name=\"duration\"><block type=\"math_number\"><field name=\"NUM\">60</field></block></value><value name=\"entity\"><block type=\"entity_from_deps\"></block></value><next><block type=\"entity_add_potion\"><field name=\"potion\">DARKNESS</field><value name=\"level\"><block type=\"math_number\"><field name=\"NUM\">1</field></block></value><value name=\"duration\"><block type=\"math_number\"><field name=\"NUM\">90</field></block></value><value name=\"entity\"><block type=\"entity_from_deps\"></block></value><next><block type=\"entity_add_potion\"><field name=\"potion\">WEAKNESS</field><value name=\"level\"><block type=\"math_number\"><field name=\"NUM\">1</field></block></value><value name=\"duration\"><block type=\"math_number\"><field name=\"NUM\">300</field></block></value><value name=\"entity\"><block type=\"entity_from_deps\"></block></value></block></next></block></next></block></statement></block></next></block><block type=\"math_binary_ops\" x=\"715\" y=\"364\"><field name=\"OP\">LT</field><value name=\"A\"><block type=\"math_java_constants\"><field name=\"CONSTANT\">RANDOM</field></block></value><value name=\"B\"><block type=\"math_number\"><field name=\"NUM\">0.5</field></block></value></block><block type=\"entity_has_achievement\" x=\"690\" y=\"404\"><field name=\"achievement\"></field><value name=\"entity\"><block type=\"entity_from_deps\"></block></value></block><block type=\"math_random_int_between\" x=\"711\" y=\"505\"><value name=\"min\"><block type=\"math_number\"><field name=\"NUM\">1</field></block></value><value name=\"max\"><block type=\"math_number\"><field name=\"NUM\">10</field></block></value></block><block type=\"math_java_constants\" x=\"469\" y=\"529\"><field name=\"CONSTANT\">RANDOM</field></block></xml>",
    "skipDependencyNullCheck": false
  }
}