{
  "_fv": 79,
  "_type": "achievement",
  "definition": {
    "achievementName": "Ametist Infection",
    "achievementDescription": "I am gay",
    "achievementIcon": {
      "value": "CUSTOM:InfectedAmethyst"
    },
    "background": "Default",
    "disableDisplay": false,
    "showPopup": true,
    "announceToChat": false,
    "hideIfNotCompleted": true,
    "rewardLoot": [],
    "rewardRecipes": [],
    "rewardXP": 0,
    "achievementType": "goal",
    "parent": {
      "value": "CUSTOM:AmetistInfectionAchivment"
    },
    "triggerxml": "<xml xmlns=\"https://developers.google.com/blockly/xml\"><block type=\"advancement_trigger\" deletable=\"false\" x=\"40\" y=\"80\"><next><block type=\"item_in_inventory\"><value name=\"amount_l\"><block type=\"math_number\"><field name=\"NUM\">1</field></block></value><value name=\"amount_h\"><block type=\"math_number\"><field name=\"NUM\">1</field></block></value><value name=\"item\"><block type=\"mcitem_all\"><field name=\"value\">CUSTOM:InfectedAmethyst</field></block></value><next><block type=\"custom_trigger\"></block></next></block></next></block></xml>"
  }
}