{
  "_fv": 79,
  "_type": "procedure",
  "definition": {
    "procedurexml": "<xml xmlns=\"https://developers.google.com/blockly/xml\"><block type=\"event_trigger\" deletable=\"false\" x=\"40\" y=\"40\"><field name=\"trigger\">entity_item_pickup</field><next><block type=\"controls_if\"><mutation elseif=\"1\"></mutation><value name=\"IF0\"><block type=\"entity_haspotioneffect\"><field name=\"potion\">CUSTOM:AmethystInfection</field><value name=\"entity\"><block type=\"entity_from_deps\"></block></value></block></value><statement name=\"DO0\"><block type=\"entity_add_achievement\"><field name=\"achievement\">CUSTOM:AmetistInfectionAchivment</field><value name=\"entity\"><block type=\"entity_from_deps\"></block></value></block></statement><value name=\"IF1\"><block type=\"entity_has_item_inventory\"><value name=\"entity\"><block type=\"entity_from_deps\"></block></value><value name=\"item\"><block type=\"mcitem_all\"><field name=\"value\">CUSTOM:InfectedAmethyst</field></block></value></block></value><statement name=\"DO1\"><block type=\"controls_if\"><mutation else=\"1\"></mutation><value name=\"IF0\"><block type=\"logic_ternary_op\"><mutation xmlns=\"http://www.w3.org/1999/xhtml\" mark=\"false\"></mutation><value name=\"condition\"><block type=\"math_binary_ops\"><field name=\"OP\">LT</field><value name=\"A\"><block type=\"math_java_constants\"><field name=\"CONSTANT\">RANDOM</field></block></value><value name=\"B\"><block type=\"math_number\"><field name=\"NUM\">0.33</field></block></value></block></value><value name=\"THEN\"><block type=\"logic_boolean\"><field name=\"BOOL\">TRUE</field></block></value><value name=\"ELSE\"><block type=\"logic_boolean\"><field name=\"BOOL\">FALSE</field></block></value></block></value><statement name=\"DO0\"><block type=\"entity_remove_item\"><value name=\"amount\"><block type=\"math_number\"><field name=\"NUM\">1</field></block></value><value name=\"item\"><block type=\"mcitem_all\"><field name=\"value\">CUSTOM:InfectedAmethyst</field></block></value><value name=\"entity\"><block type=\"entity_from_deps\"></block></value><next><block type=\"entity_add_item\"><value name=\"amount\"><block type=\"math_number\"><field name=\"NUM\">1</field></block></value><value name=\"item\"><block type=\"mcitem_all\"><field name=\"value\">Items.AMETHYST_SHARD</field></block></value><value name=\"entity\"><block type=\"entity_from_deps\"></block></value></block></next></block></statement><statement name=\"ELSE\"><block type=\"entity_add_potion\"><field name=\"potion\">CUSTOM:AmethystInfection</field><value name=\"level\"><block type=\"math_number\"><field name=\"NUM\">1</field></block></value><value name=\"duration\"><block type=\"math_java_constants\"><field name=\"CONSTANT\">INFINITY</field></block></value><value name=\"entity\"><block type=\"entity_from_deps\"></block></value></block></statement></block></statement></block></next></block></xml>",
    "skipDependencyNullCheck": false
  }
}