{
	"format_version": "1.21.6",
	"credit": "Made with Blockbench",
	"texture_size": [32, 32],
	"textures": {
		"0": "texture (3)",
		"particle": "texture (3)"
	},
	"elements": [
		{
			"from": [7.2, -10, 7.2],
			"to": [8.8, -8, 8.8],
			"rotation": {"angle": 0, "axis": "y", "origin": [7, -10, 7]},
			"faces": {
				"north": {"uv": [0.5, 10, 1.3125, 11], "texture": "#0"},
				"east": {"uv": [1.5, 10, 2.3125, 11], "texture": "#0"},
				"south": {"uv": [2.5, 10, 3.3125, 11], "texture": "#0"},
				"west": {"uv": [10, 8, 10.8125, 9], "texture": "#0"},
				"up": {"uv": [11.8125, 1.3125, 11, 0.5], "texture": "#0"},
				"down": {"uv": [2.3125, 11, 1.5, 11.8125], "texture": "#0"}
			}
		},
		{
			"from": [6.9, -9.6, 8],
			"to": [9.1, -7.8, 9.5],
			"rotation": {"angle": -22.5, "axis": "x", "origin": [8, -8.8, 8.9]},
			"faces": {
				"north": {"uv": [8.5, 8, 9.59375, 8.90625], "texture": "#0"},
				"east": {"uv": [4.5, 10.5, 5.25, 11.40625], "texture": "#0"},
				"south": {"uv": [0.5, 9, 1.59375, 9.90625], "texture": "#0"},
				"west": {"uv": [6, 10.5, 6.75, 11.40625], "texture": "#0"},
				"up": {"uv": [10.59375, 1.25, 9.5, 0.5], "texture": "#0"},
				"down": {"uv": [10.59375, 6, 9.5, 6.75], "texture": "#0"}
			}
		},
		{
			"from": [6.9, -9.6, 6.5],
			"to": [9.1, -7.8, 7.8],
			"rotation": {"angle": 22.5, "axis": "x", "origin": [8, -8.8, 7.1]},
			"faces": {
				"north": {"uv": [2, 9, 3.09375, 9.90625], "texture": "#0"},
				"east": {"uv": [4.5, 11.5, 5.15625, 12.40625], "texture": "#0"},
				"south": {"uv": [9, 2, 10.09375, 2.90625], "texture": "#0"},
				"west": {"uv": [11.5, 4.5, 12.15625, 5.40625], "texture": "#0"},
				"up": {"uv": [11.59375, 4.15625, 10.5, 3.5], "texture": "#0"},
				"down": {"uv": [11.59375, 7, 10.5, 7.65625], "texture": "#0"}
			}
		},
		{
			"from": [7, -8.2, 7],
			"to": [9, 0.3, 9],
			"rotation": {"angle": 0, "axis": "y", "origin": [7, -8, 7]},
			"faces": {
				"north": {"uv": [0, 0, 1, 4.25], "texture": "#0"},
				"east": {"uv": [1, 0, 2, 4.25], "texture": "#0"},
				"south": {"uv": [2, 0, 3, 4.25], "texture": "#0"},
				"west": {"uv": [3, 0, 4, 4.25], "texture": "#0"},
				"up": {"uv": [9.5, 7, 8.5, 6], "texture": "#0"},
				"down": {"uv": [9.5, 7, 8.5, 8], "texture": "#0"}
			}
		},
		{
			"from": [7, 0.4, 7.75],
			"to": [9, 0.9, 8.25],
			"rotation": {"angle": 0, "axis": "y", "origin": [7, 0.4, 6.25]},
			"faces": {
				"north": {"uv": [11.5, 12, 12.5, 12.25], "texture": "#0"},
				"east": {"uv": [15, 5, 15.25, 5.25], "texture": "#0"},
				"south": {"uv": [2.5, 12.5, 3.5, 12.75], "texture": "#0"},
				"west": {"uv": [15, 5.5, 15.25, 5.75], "texture": "#0"},
				"up": {"uv": [13.5, 2.75, 12.5, 2.5], "texture": "#0"},
				"down": {"uv": [13.5, 3, 12.5, 3.25], "texture": "#0"}
			}
		},
		{
			"from": [7, 2.65, 7.75],
			"to": [9, 3.15, 8.25],
			"rotation": {"angle": 0, "axis": "y", "origin": [7, 2.65, 6.25]},
			"faces": {
				"north": {"uv": [12.5, 3.5, 13.5, 3.75], "texture": "#0"},
				"east": {"uv": [6.5, 15, 6.75, 15.25], "texture": "#0"},
				"south": {"uv": [4.5, 12.5, 5.5, 12.75], "texture": "#0"},
				"west": {"uv": [15, 6.5, 15.25, 6.75], "texture": "#0"},
				"up": {"uv": [13.5, 4.75, 12.5, 4.5], "texture": "#0"},
				"down": {"uv": [13.5, 5, 12.5, 5.25], "texture": "#0"}
			}
		},
		{
			"from": [7, 1.15, 7],
			"to": [9, 1.65, 7.5],
			"rotation": {"angle": 0, "axis": "y", "origin": [7, 1.15, 5.5]},
			"faces": {
				"north": {"uv": [12.5, 6, 13.5, 6.25], "texture": "#0"},
				"east": {"uv": [7, 15, 7.25, 15.25], "texture": "#0"},
				"south": {"uv": [12.5, 6.5, 13.5, 6.75], "texture": "#0"},
				"west": {"uv": [15, 7, 15.25, 7.25], "texture": "#0"},
				"up": {"uv": [9, 12.75, 8, 12.5], "texture": "#0"},
				"down": {"uv": [13.5, 8, 12.5, 8.25], "texture": "#0"}
			}
		},
		{
			"from": [7, 1.15, 8.5],
			"to": [9, 1.65, 9],
			"rotation": {"angle": 0, "axis": "y", "origin": [7, 1.15, 7]},
			"faces": {
				"north": {"uv": [12.5, 8.5, 13.5, 8.75], "texture": "#0"},
				"east": {"uv": [7.5, 15, 7.75, 15.25], "texture": "#0"},
				"south": {"uv": [10.5, 12.5, 11.5, 12.75], "texture": "#0"},
				"west": {"uv": [15, 7.5, 15.25, 7.75], "texture": "#0"},
				"up": {"uv": [13.5, 11.25, 12.5, 11], "texture": "#0"},
				"down": {"uv": [12.5, 12.5, 11.5, 12.75], "texture": "#0"}
			}
		},
		{
			"from": [7, 1.15, 7.75],
			"to": [9, 1.65, 8.25],
			"rotation": {"angle": 0, "axis": "y", "origin": [7, 1.15, 6.25]},
			"faces": {
				"north": {"uv": [12.5, 11.5, 13.5, 11.75], "texture": "#0"},
				"east": {"uv": [15, 8, 15.25, 8.25], "texture": "#0"},
				"south": {"uv": [12.5, 12, 13.5, 12.25], "texture": "#0"},
				"west": {"uv": [8.5, 15, 8.75, 15.25], "texture": "#0"},
				"up": {"uv": [13.5, 12.75, 12.5, 12.5], "texture": "#0"},
				"down": {"uv": [1, 13, 0, 13.25], "texture": "#0"}
			}
		},
		{
			"from": [7.05, 0.9, 7.85],
			"to": [8.95, 1.15, 8.15],
			"rotation": {"angle": 0, "axis": "y", "origin": [7, 0.9, 6.15]},
			"faces": {
				"north": {"uv": [14.5, 6, 15.4375, 6.125], "texture": "#0"},
				"east": {"uv": [15, 12.5, 15.15625, 12.625], "texture": "#0"},
				"south": {"uv": [6.5, 14.5, 7.4375, 14.625], "texture": "#0"},
				"west": {"uv": [13, 15, 13.15625, 15.125], "texture": "#0"},
				"up": {"uv": [8.9375, 14.15625, 8, 14], "texture": "#0"},
				"down": {"uv": [9.9375, 14, 9, 14.15625], "texture": "#0"}
			}
		},
		{
			"from": [7.05, 1.65, 7.85],
			"to": [8.95, 2.7, 8.15],
			"rotation": {"angle": 0, "axis": "y", "origin": [7, 1.65, 6.15]},
			"faces": {
				"north": {"uv": [8, 11.5, 8.9375, 12.03125], "texture": "#0"},
				"east": {"uv": [3.5, 15, 3.65625, 15.53125], "texture": "#0"},
				"south": {"uv": [10.5, 11.5, 11.4375, 12.03125], "texture": "#0"},
				"west": {"uv": [15, 3.5, 15.15625, 4.03125], "texture": "#0"},
				"up": {"uv": [11.9375, 14.15625, 11, 14], "texture": "#0"},
				"down": {"uv": [14.9375, 11, 14, 11.15625], "texture": "#0"}
			}
		},
		{
			"from": [7.05, 1.275, 8.175],
			"to": [8.95, 1.575, 8.575],
			"rotation": {"angle": 0, "axis": "x", "origin": [8, 1.425, 8.35]},
			"faces": {
				"north": {"uv": [14, 11.5, 14.9375, 11.65625], "texture": "#0"},
				"east": {"uv": [15, 11.5, 15.1875, 11.65625], "texture": "#0"},
				"south": {"uv": [12, 14, 12.9375, 14.15625], "texture": "#0"},
				"west": {"uv": [12, 15, 12.1875, 15.15625], "texture": "#0"},
				"up": {"uv": [14.4375, 8.6875, 13.5, 8.5], "texture": "#0"},
				"down": {"uv": [14.4375, 9, 13.5, 9.1875], "texture": "#0"}
			}
		},
		{
			"from": [7.05, 1.275, 7.475],
			"to": [8.95, 1.575, 7.875],
			"rotation": {"angle": 0, "axis": "y", "origin": [8, 1.425, 7.65]},
			"faces": {
				"north": {"uv": [13, 14, 13.9375, 14.15625], "texture": "#0"},
				"east": {"uv": [15, 12, 15.1875, 12.15625], "texture": "#0"},
				"south": {"uv": [14, 13.5, 14.9375, 13.65625], "texture": "#0"},
				"west": {"uv": [12.5, 15, 12.6875, 15.15625], "texture": "#0"},
				"up": {"uv": [10.4375, 13.6875, 9.5, 13.5], "texture": "#0"},
				"down": {"uv": [14.4375, 9.5, 13.5, 9.6875], "texture": "#0"}
			}
		},
		{
			"from": [6.8, 0, 7.3],
			"to": [9.2, 0.4, 8.8],
			"rotation": {"angle": 0, "axis": "y", "origin": [7, 0, 7.5]},
			"faces": {
				"north": {"uv": [13, 7.5, 14.1875, 7.6875], "texture": "#0"},
				"east": {"uv": [14, 14, 14.75, 14.1875], "texture": "#0"},
				"south": {"uv": [8.5, 13, 9.6875, 13.1875], "texture": "#0"},
				"west": {"uv": [0, 14.5, 0.75, 14.6875], "texture": "#0"},
				"up": {"uv": [10.1875, 3.75, 9, 3], "texture": "#0"},
				"down": {"uv": [10.1875, 4, 9, 4.75], "texture": "#0"}
			}
		},
		{
			"from": [6.8, -0.225, 9.35],
			"to": [9.2, 0.475, 9.65],
			"rotation": {"angle": 45, "axis": "x", "origin": [8, 0.9, 9.5]},
			"faces": {
				"north": {"uv": [12, 1.5, 13.1875, 1.84375], "texture": "#0"},
				"east": {"uv": [15, 11, 15.15625, 11.34375], "texture": "#0"},
				"south": {"uv": [12, 2, 13.1875, 2.34375], "texture": "#0"},
				"west": {"uv": [11.5, 15, 11.65625, 15.34375], "texture": "#0"},
				"up": {"uv": [14.1875, 10.65625, 13, 10.5], "texture": "#0"},
				"down": {"uv": [14.1875, 13, 13, 13.15625], "texture": "#0"}
			}
		},
		{
			"from": [6.8, 0.125, 6.6868],
			"to": [9.2, 0.425, 7.4868],
			"rotation": {"angle": 45, "axis": "x", "origin": [8, 0.31464, 7.22678]},
			"faces": {
				"north": {"uv": [0, 13.5, 1.1875, 13.65625], "texture": "#0"},
				"east": {"uv": [15, 4.5, 15.40625, 4.65625], "texture": "#0"},
				"south": {"uv": [13.5, 0.5, 14.6875, 0.65625], "texture": "#0"},
				"west": {"uv": [5, 15, 5.40625, 15.15625], "texture": "#0"},
				"up": {"uv": [12.6875, 5.90625, 11.5, 5.5], "texture": "#0"},
				"down": {"uv": [12.6875, 10.5, 11.5, 10.90625], "texture": "#0"}
			}
		},
		{
			"from": [6.8, 0.5, 9],
			"to": [9.2, 1.75, 9.3],
			"rotation": {"angle": 0, "axis": "x", "origin": [8, 12.05, 9.15]},
			"faces": {
				"north": {"uv": [10.5, 1.5, 11.6875, 2.125], "texture": "#0"},
				"east": {"uv": [1.5, 15, 1.65625, 15.625], "texture": "#0"},
				"south": {"uv": [10.5, 2.5, 11.6875, 3.125], "texture": "#0"},
				"west": {"uv": [15, 1.5, 15.15625, 2.125], "texture": "#0"},
				"up": {"uv": [14.6875, 1.15625, 13.5, 1], "texture": "#0"},
				"down": {"uv": [2.6875, 13.5, 1.5, 13.65625], "texture": "#0"}
			}
		},
		{
			"from": [6.8, 0.55, 6.7],
			"to": [9.2, 1.75, 7],
			"rotation": {"angle": 0, "axis": "y", "origin": [8, 12.1, 6.85]},
			"faces": {
				"north": {"uv": [8, 10.5, 9.1875, 11.09375], "texture": "#0"},
				"east": {"uv": [15, 2.5, 15.15625, 3.09375], "texture": "#0"},
				"south": {"uv": [10.5, 9.5, 11.6875, 10.09375], "texture": "#0"},
				"west": {"uv": [3, 15, 3.15625, 15.59375], "texture": "#0"},
				"up": {"uv": [14.6875, 1.65625, 13.5, 1.5], "texture": "#0"},
				"down": {"uv": [14.6875, 2, 13.5, 2.15625], "texture": "#0"}
			}
		},
		{
			"from": [6.8, 1.65, 6.9],
			"to": [9.2, 3.65, 7.2],
			"rotation": {"angle": 22.5, "axis": "x", "origin": [8, 2.2, 7.05]},
			"faces": {
				"north": {"uv": [8, 0, 9.1875, 1], "texture": "#0"},
				"east": {"uv": [3, 13.5, 3.15625, 14.5], "texture": "#0"},
				"south": {"uv": [0.5, 8, 1.6875, 9], "texture": "#0"},
				"west": {"uv": [7.5, 13.5, 7.65625, 14.5], "texture": "#0"},
				"up": {"uv": [14.6875, 2.65625, 13.5, 2.5], "texture": "#0"},
				"down": {"uv": [14.6875, 3, 13.5, 3.15625], "texture": "#0"}
			}
		},
		{
			"from": [6.8, 1.65, 8.8],
			"to": [9.2, 3.65, 9.1],
			"rotation": {"angle": -22.5, "axis": "x", "origin": [8, 2.2, 8.95]},
			"faces": {
				"north": {"uv": [8, 1, 9.1875, 2], "texture": "#0"},
				"east": {"uv": [10.5, 13.5, 10.65625, 14.5], "texture": "#0"},
				"south": {"uv": [2, 8, 3.1875, 9], "texture": "#0"},
				"west": {"uv": [13.5, 11, 13.65625, 12], "texture": "#0"},
				"up": {"uv": [14.6875, 3.65625, 13.5, 3.5], "texture": "#0"},
				"down": {"uv": [5.1875, 13.5, 4, 13.65625], "texture": "#0"}
			}
		},
		{
			"from": [7.2, 0.4, 7],
			"to": [8.8, 2.4, 9],
			"rotation": {"angle": 0, "axis": "y", "origin": [7, 0.4, 7]},
			"faces": {
				"north": {"uv": [4.5, 9.5, 5.3125, 10.5], "texture": "#0"},
				"east": {"uv": [8, 2, 9, 3], "texture": "#0"},
				"south": {"uv": [9.5, 7, 10.3125, 8], "texture": "#0"},
				"west": {"uv": [4.5, 8.5, 5.5, 9.5], "texture": "#0"},
				"up": {"uv": [8.8125, 10.5, 8, 9.5], "texture": "#0"},
				"down": {"uv": [9.8125, 9.5, 9, 10.5], "texture": "#0"}
			}
		},
		{
			"from": [7.2, 2.4, 7.2],
			"to": [8.8, 2.7, 8.8],
			"rotation": {"angle": 0, "axis": "y", "origin": [7, 2.4, 7]},
			"faces": {
				"north": {"uv": [1, 14.5, 1.8125, 14.65625], "texture": "#0"},
				"east": {"uv": [2, 14.5, 2.8125, 14.65625], "texture": "#0"},
				"south": {"uv": [3, 14.5, 3.8125, 14.65625], "texture": "#0"},
				"west": {"uv": [4, 14.5, 4.8125, 14.65625], "texture": "#0"},
				"up": {"uv": [11.3125, 11.3125, 10.5, 10.5], "texture": "#0"},
				"down": {"uv": [1.3125, 11, 0.5, 11.8125], "texture": "#0"}
			}
		},
		{
			"from": [7.2, 2.7, 7.4],
			"to": [8.8, 3.3, 8.6],
			"rotation": {"angle": 0, "axis": "y", "origin": [7, 2.7, 7]},
			"faces": {
				"north": {"uv": [12, 9.5, 12.8125, 9.8125], "texture": "#0"},
				"east": {"uv": [13.5, 4, 14.09375, 4.3125], "texture": "#0"},
				"south": {"uv": [12, 10, 12.8125, 10.3125], "texture": "#0"},
				"west": {"uv": [13.5, 4.5, 14.09375, 4.8125], "texture": "#0"},
				"up": {"uv": [12.3125, 11.59375, 11.5, 11], "texture": "#0"},
				"down": {"uv": [0.8125, 12, 0, 12.59375], "texture": "#0"}
			}
		},
		{
			"from": [7.7, 0.3, 3.25],
			"to": [8.3, 1.6, 4],
			"rotation": {"angle": 0, "axis": "y", "origin": [7, 0.5, 5.25]},
			"faces": {
				"north": {"uv": [11, 13, 11.3125, 13.65625], "texture": "#0"},
				"east": {"uv": [5.5, 12, 5.875, 12.65625], "texture": "#0"},
				"south": {"uv": [11.5, 13, 11.8125, 13.65625], "texture": "#0"},
				"west": {"uv": [7, 12, 7.375, 12.65625], "texture": "#0"},
				"up": {"uv": [14.8125, 6.875, 14.5, 6.5], "texture": "#0"},
				"down": {"uv": [14.8125, 7, 14.5, 7.375], "texture": "#0"}
			}
		},
		{
			"from": [7.75, 0.5, 2.3],
			"to": [8.25, 1.4, 3.3],
			"rotation": {"angle": 0, "axis": "y", "origin": [6.85, 0.1, 1.3]},
			"faces": {
				"north": {"uv": [14.5, 12, 14.75, 12.4375], "texture": "#0"},
				"east": {"uv": [13, 9.5, 13.5, 9.9375], "texture": "#0"},
				"south": {"uv": [12.5, 14.5, 12.75, 14.9375], "texture": "#0"},
				"west": {"uv": [10, 13, 10.5, 13.4375], "texture": "#0"},
				"up": {"uv": [14.75, 4.5, 14.5, 4], "texture": "#0"},
				"down": {"uv": [14.75, 4.5, 14.5, 5], "texture": "#0"}
			}
		},
		{
			"from": [7.75, 0.5, 12.75],
			"to": [8.25, 1.4, 13.75],
			"rotation": {"angle": 0, "axis": "y", "origin": [6.85, 0.1, 11.75]},
			"faces": {
				"north": {"uv": [14.5, 12.5, 14.75, 12.9375], "texture": "#0"},
				"east": {"uv": [13, 10, 13.5, 10.4375], "texture": "#0"},
				"south": {"uv": [13, 14.5, 13.25, 14.9375], "texture": "#0"},
				"west": {"uv": [10.5, 13, 11, 13.4375], "texture": "#0"},
				"up": {"uv": [5.25, 15, 5, 14.5], "texture": "#0"},
				"down": {"uv": [14.75, 5, 14.5, 5.5], "texture": "#0"}
			}
		},
		{
			"from": [7.7, 0.3, 12],
			"to": [8.3, 1.6, 12.75],
			"rotation": {"angle": 0, "axis": "y", "origin": [7, 0.5, 14]},
			"faces": {
				"north": {"uv": [12, 13, 12.3125, 13.65625], "texture": "#0"},
				"east": {"uv": [9.5, 12, 9.875, 12.65625], "texture": "#0"},
				"south": {"uv": [12.5, 13, 12.8125, 13.65625], "texture": "#0"},
				"west": {"uv": [13, 0.5, 13.375, 1.15625], "texture": "#0"},
				"up": {"uv": [7.8125, 14.875, 7.5, 14.5], "texture": "#0"},
				"down": {"uv": [14.8125, 7.5, 14.5, 7.875], "texture": "#0"}
			}
		},
		{
			"from": [7.525, 0.775, 3.25],
			"to": [8.525, 1.125, 12.75],
			"rotation": {"angle": 0, "axis": "z", "origin": [7.975, 0.95, 8]},
			"faces": {
				"north": {"uv": [2, 15, 2.5, 15.1875], "texture": "#0"},
				"east": {"uv": [8.5, 9, 13.25, 9.1875], "texture": "#0"},
				"south": {"uv": [2.5, 15, 3, 15.1875], "texture": "#0"},
				"west": {"uv": [9.5, 0, 14.25, 0.1875], "texture": "#0"},
				"up": {"uv": [7.5, 8.25, 7, 3.5], "texture": "#0"},
				"down": {"uv": [4.5, 7, 4, 11.75], "texture": "#0"}
			}
		},
		{
			"from": [7.7, 0.5, 4],
			"to": [8.3, 1.4, 12],
			"rotation": {"angle": 0, "axis": "y", "origin": [7, 0.5, 6]},
			"faces": {
				"north": {"uv": [10, 14, 10.3125, 14.4375], "texture": "#0"},
				"east": {"uv": [7.5, 5, 11.5, 5.4375], "texture": "#0"},
				"south": {"uv": [14.5, 0, 14.8125, 0.4375], "texture": "#0"},
				"west": {"uv": [7.5, 5.5, 11.5, 5.9375], "texture": "#0"},
				"up": {"uv": [7.8125, 10, 7.5, 6], "texture": "#0"},
				"down": {"uv": [0.3125, 8, 0, 12], "texture": "#0"}
			}
		},
		{
			"from": [6.8, 3.15, 7.45],
			"to": [9.2, 3.6, 8.5],
			"rotation": {"angle": 0, "axis": "y", "origin": [7, 3.15, 7.5]},
			"faces": {
				"north": {"uv": [12, 4, 13.1875, 4.21875], "texture": "#0"},
				"east": {"uv": [8.5, 14.5, 9.03125, 14.71875], "texture": "#0"},
				"south": {"uv": [12, 7, 13.1875, 7.21875], "texture": "#0"},
				"west": {"uv": [14.5, 9, 15.03125, 9.21875], "texture": "#0"},
				"up": {"uv": [12.1875, 6.53125, 11, 6], "texture": "#0"},
				"down": {"uv": [12.1875, 8, 11, 8.53125], "texture": "#0"}
			}
		},
		{
			"from": [7.7, 17.2, 6.85],
			"to": [8.3, 23.45, 9.15],
			"rotation": {"angle": 0, "axis": "y", "origin": [6.35, 17.2, 7]},
			"faces": {
				"north": {"uv": [5.5, 8.5, 5.8125, 11.625], "texture": "#0"},
				"east": {"uv": [0, 4.5, 1.15625, 7.625], "texture": "#0"},
				"south": {"uv": [7, 8.5, 7.3125, 11.625], "texture": "#0"},
				"west": {"uv": [1.5, 4.5, 2.65625, 7.625], "texture": "#0"},
				"up": {"uv": [12.3125, 3.65625, 12, 2.5], "texture": "#0"},
				"down": {"uv": [4.3125, 12, 4, 13.15625], "texture": "#0"}
			}
		},
		{
			"from": [7.6, 1.75, 6.5],
			"to": [8.4, 4.75, 9.5],
			"rotation": {"angle": 0, "axis": "y", "origin": [6.35, 1.75, 7]},
			"faces": {
				"north": {"uv": [9.5, 10.5, 9.90625, 12], "texture": "#0"},
				"east": {"uv": [4.5, 7, 6, 8.5], "texture": "#0"},
				"south": {"uv": [2.5, 11, 2.90625, 12.5], "texture": "#0"},
				"west": {"uv": [7.5, 3.5, 9, 5], "texture": "#0"},
				"up": {"uv": [3.40625, 12.5, 3, 11], "texture": "#0"},
				"down": {"uv": [3.90625, 11.5, 3.5, 13], "texture": "#0"}
			}
		},
		{
			"from": [7.6, 4.75, 6.75],
			"to": [8.4, 11, 9.25],
			"rotation": {"angle": 0, "axis": "y", "origin": [6.35, 4.75, 7]},
			"faces": {
				"north": {"uv": [6, 7, 6.40625, 10.125], "texture": "#0"},
				"east": {"uv": [4, 0, 5.25, 3.125], "texture": "#0"},
				"south": {"uv": [6.5, 7, 6.90625, 10.125], "texture": "#0"},
				"west": {"uv": [4, 3.5, 5.25, 6.625], "texture": "#0"},
				"up": {"uv": [6.40625, 12.75, 6, 11.5], "texture": "#0"},
				"down": {"uv": [6.90625, 11.5, 6.5, 12.75], "texture": "#0"}
			}
		},
		{
			"from": [7.65, 11, 6.85],
			"to": [8.35, 17.25, 9.15],
			"rotation": {"angle": 0, "axis": "y", "origin": [6.35, 11, 7]},
			"faces": {
				"north": {"uv": [3.5, 8, 3.84375, 11.125], "texture": "#0"},
				"east": {"uv": [5.5, 0, 6.65625, 3.125], "texture": "#0"},
				"south": {"uv": [8, 6, 8.34375, 9.125], "texture": "#0"},
				"west": {"uv": [5.5, 3.5, 6.65625, 6.625], "texture": "#0"},
				"up": {"uv": [9.34375, 12.65625, 9, 11.5], "texture": "#0"},
				"down": {"uv": [2.34375, 12, 2, 13.15625], "texture": "#0"}
			}
		},
		{
			"from": [7.75, 23.2, 7.15],
			"to": [8.25, 29.45, 8.95],
			"rotation": {"angle": 0, "axis": "y", "origin": [6.35, 23.2, 7]},
			"faces": {
				"north": {"uv": [7.5, 10, 7.75, 13.125], "texture": "#0"},
				"east": {"uv": [3, 4.5, 3.90625, 7.625], "texture": "#0"},
				"south": {"uv": [10, 9.5, 10.25, 12.625], "texture": "#0"},
				"west": {"uv": [7, 0, 7.90625, 3.125], "texture": "#0"},
				"up": {"uv": [3.75, 13.90625, 3.5, 13], "texture": "#0"},
				"down": {"uv": [8.25, 13, 8, 13.90625], "texture": "#0"}
			}
		},
		{
			"from": [7.8, 28.35, 6.25],
			"to": [8.2, 29.65, 7.5],
			"rotation": {"angle": 45, "axis": "x", "origin": [6.35, 27.8, 8]},
			"faces": {
				"north": {"uv": [5.5, 14.5, 5.6875, 15.15625], "texture": "#0"},
				"east": {"uv": [12, 0.5, 12.625, 1.15625], "texture": "#0"},
				"south": {"uv": [6, 14.5, 6.1875, 15.15625], "texture": "#0"},
				"west": {"uv": [1, 12, 1.625, 12.65625], "texture": "#0"},
				"up": {"uv": [8.1875, 15.125, 8, 14.5], "texture": "#0"},
				"down": {"uv": [14.6875, 8, 14.5, 8.625], "texture": "#0"}
			}
		},
		{
			"from": [7.4, 3.55, 7.7],
			"to": [8.6, 4.05, 8.3],
			"rotation": {"angle": 0, "axis": "y", "origin": [7, 3.55, 6.3]},
			"faces": {
				"north": {"uv": [13.5, 10, 14.09375, 10.25], "texture": "#0"},
				"east": {"uv": [4, 15, 4.3125, 15.25], "texture": "#0"},
				"south": {"uv": [13.5, 12, 14.09375, 12.25], "texture": "#0"},
				"west": {"uv": [4.5, 15, 4.8125, 15.25], "texture": "#0"},
				"up": {"uv": [14.09375, 5.3125, 13.5, 5], "texture": "#0"},
				"down": {"uv": [6.09375, 13.5, 5.5, 13.8125], "texture": "#0"}
			}
		},
		{
			"from": [7.4, 4.05, 7.6],
			"to": [8.6, 4.55, 8.4],
			"rotation": {"angle": 0, "axis": "y", "origin": [7, 4.05, 6.3]},
			"faces": {
				"north": {"uv": [13.5, 12.5, 14.09375, 12.75], "texture": "#0"},
				"east": {"uv": [0, 15, 0.40625, 15.25], "texture": "#0"},
				"south": {"uv": [13, 13.5, 13.59375, 13.75], "texture": "#0"},
				"west": {"uv": [15, 0, 15.40625, 0.25], "texture": "#0"},
				"up": {"uv": [1.59375, 13.40625, 1, 13], "texture": "#0"},
				"down": {"uv": [3.09375, 13, 2.5, 13.40625], "texture": "#0"}
			}
		},
		{
			"from": [7.4, 4.55, 7.7],
			"to": [8.6, 4.95, 8.3],
			"rotation": {"angle": 0, "axis": "y", "origin": [7, 4.55, 6.3]},
			"faces": {
				"north": {"uv": [9.5, 14.5, 10.09375, 14.6875], "texture": "#0"},
				"east": {"uv": [15, 8.5, 15.3125, 8.6875], "texture": "#0"},
				"south": {"uv": [14.5, 9.5, 15.09375, 9.6875], "texture": "#0"},
				"west": {"uv": [9, 15, 9.3125, 15.1875], "texture": "#0"},
				"up": {"uv": [14.09375, 6.3125, 13.5, 6], "texture": "#0"},
				"down": {"uv": [7.09375, 13.5, 6.5, 13.8125], "texture": "#0"}
			}
		},
		{
			"from": [7.4, 4.95, 7.75],
			"to": [8.6, 5.85, 8.25],
			"rotation": {"angle": 0, "axis": "y", "origin": [7, 4.95, 6.3]},
			"faces": {
				"north": {"uv": [8, 3, 8.59375, 3.4375], "texture": "#0"},
				"east": {"uv": [14.5, 13, 14.75, 13.4375], "texture": "#0"},
				"south": {"uv": [9.5, 1.5, 10.09375, 1.9375], "texture": "#0"},
				"west": {"uv": [13.5, 14.5, 13.75, 14.9375], "texture": "#0"},
				"up": {"uv": [0.59375, 14.25, 0, 14], "texture": "#0"},
				"down": {"uv": [1.59375, 14, 1, 14.25], "texture": "#0"}
			}
		},
		{
			"from": [7.4, 6.75, 7.75],
			"to": [8.6, 7.65, 8.25],
			"rotation": {"angle": 0, "axis": "y", "origin": [7, 6.75, 6.3]},
			"faces": {
				"north": {"uv": [10.5, 4.5, 11.09375, 4.9375], "texture": "#0"},
				"east": {"uv": [14, 14.5, 14.25, 14.9375], "texture": "#0"},
				"south": {"uv": [12, 7.5, 12.59375, 7.9375], "texture": "#0"},
				"west": {"uv": [14.5, 14.5, 14.75, 14.9375], "texture": "#0"},
				"up": {"uv": [2.59375, 14.25, 2, 14], "texture": "#0"},
				"down": {"uv": [4.09375, 14, 3.5, 14.25], "texture": "#0"}
			}
		},
		{
			"from": [7.4, 6.35, 7.7],
			"to": [8.6, 6.75, 8.3],
			"rotation": {"angle": 0, "axis": "y", "origin": [7, 6.35, 6.3]},
			"faces": {
				"north": {"uv": [14.5, 10, 15.09375, 10.1875], "texture": "#0"},
				"east": {"uv": [9.5, 15, 9.8125, 15.1875], "texture": "#0"},
				"south": {"uv": [10.5, 14.5, 11.09375, 14.6875], "texture": "#0"},
				"west": {"uv": [10, 15, 10.3125, 15.1875], "texture": "#0"},
				"up": {"uv": [14.09375, 6.8125, 13.5, 6.5], "texture": "#0"},
				"down": {"uv": [14.09375, 7, 13.5, 7.3125], "texture": "#0"}
			}
		},
		{
			"from": [7.4, 5.85, 7.6],
			"to": [8.6, 6.35, 8.4],
			"rotation": {"angle": 0, "axis": "y", "origin": [7, 5.85, 6.3]},
			"faces": {
				"north": {"uv": [4.5, 14, 5.09375, 14.25], "texture": "#0"},
				"east": {"uv": [0.5, 15, 0.90625, 15.25], "texture": "#0"},
				"south": {"uv": [5.5, 14, 6.09375, 14.25], "texture": "#0"},
				"west": {"uv": [15, 0.5, 15.40625, 0.75], "texture": "#0"},
				"up": {"uv": [5.09375, 13.40625, 4.5, 13], "texture": "#0"},
				"down": {"uv": [6.09375, 13, 5.5, 13.40625], "texture": "#0"}
			}
		},
		{
			"from": [7.4, 8.15, 7.7],
			"to": [8.6, 8.55, 8.3],
			"rotation": {"angle": 0, "axis": "y", "origin": [7, 8.15, 6.3]},
			"faces": {
				"north": {"uv": [14.5, 10.5, 15.09375, 10.6875], "texture": "#0"},
				"east": {"uv": [10.5, 15, 10.8125, 15.1875], "texture": "#0"},
				"south": {"uv": [11.5, 14.5, 12.09375, 14.6875], "texture": "#0"},
				"west": {"uv": [11, 15, 11.3125, 15.1875], "texture": "#0"},
				"up": {"uv": [14.09375, 8.3125, 13.5, 8], "texture": "#0"},
				"down": {"uv": [9.09375, 13.5, 8.5, 13.8125], "texture": "#0"}
			}
		},
		{
			"from": [7.4, 7.65, 7.6],
			"to": [8.6, 8.15, 8.4],
			"rotation": {"angle": 0, "axis": "y", "origin": [7, 7.65, 6.3]},
			"faces": {
				"north": {"uv": [14, 5.5, 14.59375, 5.75], "texture": "#0"},
				"east": {"uv": [1, 15, 1.40625, 15.25], "texture": "#0"},
				"south": {"uv": [6.5, 14, 7.09375, 14.25], "texture": "#0"},
				"west": {"uv": [15, 1, 15.40625, 1.25], "texture": "#0"},
				"up": {"uv": [13.59375, 5.90625, 13, 5.5], "texture": "#0"},
				"down": {"uv": [7.09375, 13, 6.5, 13.40625], "texture": "#0"}
			}
		}
	],
	"display": {
		"thirdperson_righthand": {
			"translation": [0, 10, 2],
			"scale": [1, 1.16, 1]
		},
		"thirdperson_lefthand": {
			"translation": [0, 10, 2],
			"scale": [1, 1.16, 1]
		},
		"firstperson_righthand": {
			"rotation": [-35.9, -0.86, -14.32],
			"translation": [3.5, 5.75, -5.25]
		},
		"firstperson_lefthand": {
			"rotation": [-35.9, -0.86, -14.32],
			"translation": [3.5, 5.75, -5.25]
		},
		"ground": {
			"rotation": [0, 0, -88.25]
		},
		"gui": {
			"rotation": [92.14, 45.72, -91.56],
			"translation": [-0.5, -0.5, 0],
			"scale": [0.63, 0.51, 0.62]
		},
		"head": {
			"rotation": [101.75, 0, 0],
			"translation": [0, 1.75, -7],
			"scale": [2.07, 2.07, 2.07]
		},
		"fixed": {
			"rotation": [0, -90, 0],
			"translation": [0, 0, -1.25]
		},
		"on_shelf": {
			"rotation": [0, 90, 0],
			"scale": [0.6, 0.71, 0.63]
		}
	},
	"groups": [
		0,
		1,
		2,
		3,
		{
			"name": "group",
			"origin": [7, 13.15, 7.5],
			"color": 0,
			"children": [4, 5, 6, 7, 8, 9, 10, 11, 12, 13, 14, 15, 16, 17, 18, 19, 20, 21, 22, 23, 24, 25, 26, 27, 28, 29]
		},
		{
			"name": "group",
			"origin": [6.35, 17.2, 7],
			"color": 0,
			"children": [30, 31, 32, 33, 34, 35]
		},
		36,
		37,
		38,
		39,
		40,
		41,
		42,
		43,
		44
	]
}