{
	"format_version": "1.9.0",
	"credit": "Made with Blockbench",
	"parent": "ametistnew",
	"texture_size": [8, 8],
	"textures": {
		"0": "Тектура1",
		"1": "Тектура2",
		"2": "texture",
		"particle": "Тектура1"
	},
	"elements": [
		{
			"from": [7.4, 0.8, 7.6],
			"to": [8.6, 6.8, 8.8],
			"rotation": {"angle": 0, "axis": "y", "origin": [8, 2.8, 9]},
			"faces": {
				"north": {"uv": [0, 0, 2, 12], "texture": "#2"},
				"east": {"uv": [2, 0, 4, 12], "texture": "#2"},
				"south": {"uv": [4, 0, 6, 12], "texture": "#2"},
				"west": {"uv": [6, 0, 8, 12], "texture": "#2"},
				"up": {"uv": [10, 10, 8, 8], "texture": "#2"},
				"down": {"uv": [10, 10, 8, 12], "texture": "#2"}
			}
		},
		{
			"from": [7.2, 0.3, 7.4],
			"to": [8.8, 0.8, 9],
			"rotation": {"angle": 0, "axis": "y", "origin": [8, 2.8, 9]},
			"faces": {
				"north": {"uv": [10, 8, 13, 9], "texture": "#2"},
				"east": {"uv": [10, 10, 13, 11], "texture": "#2"},
				"south": {"uv": [0, 12, 3, 13], "texture": "#2"},
				"west": {"uv": [12, 0, 15, 1], "texture": "#2"},
				"up": {"uv": [11, 3, 8, 0], "texture": "#2"},
				"down": {"uv": [11, 4, 8, 7], "texture": "#2"}
			}
		},
		{
			"from": [7.65, 7.3, 11],
			"to": [8.45, 7.75, 13],
			"rotation": {"angle": 0, "axis": "y", "origin": [7.2, 6.7, 11]},
			"faces": {
				"north": {"uv": [0, 0, 1.9225, 2.59328], "texture": "#0"},
				"east": {"uv": [0, 0, 4.80624, 2.59328], "texture": "#0"},
				"south": {"uv": [0, 0, 1.9225, 2.59328], "texture": "#0"},
				"west": {"uv": [0, 0, 4.80624, 2.59328], "texture": "#0"},
				"up": {"uv": [0, 0, 1.9225, 4.93958], "texture": "#0"},
				"down": {"uv": [0, 0, 1.9225, 4.93958], "texture": "#0"}
			}
		},
		{
			"from": [7.45, 5.6, 0.6],
			"to": [8.55, 6.7, 7.8],
			"rotation": {"angle": -45, "axis": "x", "origin": [7.2, 6.4, 5.7]},
			"faces": {
				"north": {"uv": [0, 0, 3.36438, 3.70468], "texture": "#0"},
				"east": {"uv": [0, 0, 15.44374, 3.82588], "texture": "#0"},
				"south": {"uv": [0, 0, 3.36438, 3.70468], "texture": "#0"},
				"west": {"uv": [0.46876, 0.80782, 16, 16], "texture": "#0"},
				"up": {"uv": [5.71876, 7.2375, 12.825, 16], "texture": "#0"},
				"down": {"uv": [0, 0, 16, 15.70834], "texture": "#0"}
			}
		},
		{
			"from": [7.35, -2.31514, 1.01062],
			"to": [8.65, -0.36514, 8.01062],
			"rotation": {"angle": 45, "axis": "x", "origin": [8.2, -0.4622, 7.19343]},
			"faces": {
				"north": {"uv": [0, 0, 3.36438, 3.70468], "rotation": 180, "texture": "#0"},
				"east": {"uv": [0, 0, 13.925, 15.98212], "rotation": 180, "texture": "#0"},
				"south": {"uv": [0, 0, 3.36438, 3.70468], "rotation": 180, "texture": "#0"},
				"west": {"uv": [0, 0, 15.175, 15.32344], "rotation": 180, "texture": "#0"},
				"up": {"uv": [0, 0, 12.17062, 15.84584], "texture": "#0"},
				"down": {"uv": [0, 0, 3.36438, 4.93958], "texture": "#0"}
			}
		},
		{
			"from": [7.2, 6.8, 7.2],
			"to": [8.8, 7.9, 9],
			"rotation": {"angle": 0, "axis": "y", "origin": [7.2, 7, 7]},
			"faces": {
				"north": {"uv": [0, 0, 3.845, 3.70468], "texture": "#0"},
				"east": {"uv": [0, 0, 4.80624, 3.70468], "texture": "#0"},
				"south": {"uv": [0, 0, 3.845, 3.70468], "texture": "#0"},
				"west": {"uv": [0, 0, 4.80624, 3.70468], "texture": "#0"},
				"up": {"uv": [0, 0, 3.845, 4.93958], "texture": "#0"},
				"down": {"uv": [0, 0, 3.845, 4.93958], "texture": "#0"}
			}
		},
		{
			"from": [7.45, 7.1, 9],
			"to": [8.55, 7.95, 11],
			"rotation": {"angle": 0, "axis": "y", "origin": [7.2, 6.7, 9]},
			"faces": {
				"north": {"uv": [0, 0, 2.64344, 3.08724], "texture": "#0"},
				"east": {"uv": [0, 0, 4.80624, 3.08724], "texture": "#0"},
				"south": {"uv": [0, 0, 2.64344, 3.08724], "texture": "#0"},
				"west": {"uv": [0, 0, 4.80624, 3.08724], "texture": "#0"},
				"up": {"uv": [0, 0, 2.64344, 4.93958], "texture": "#0"},
				"down": {"uv": [0, 0, 2.64344, 4.93958], "texture": "#0"}
			}
		},
		{
			"from": [7.4, -2.025, 6.8],
			"to": [8.6, -0.325, 11.6],
			"rotation": {"angle": 0, "axis": "y", "origin": [8.225, -0.9625, 9.8]},
			"faces": {
				"north": {"uv": [0, 0, 3.36438, 3.70468], "rotation": 180, "texture": "#0"},
				"east": {"uv": [0, 0, 14.41876, 3.70468], "rotation": 180, "texture": "#0"},
				"south": {"uv": [0, 0, 3.36438, 3.70468], "rotation": 180, "texture": "#0"},
				"west": {"uv": [0, 0, 14.41876, 3.70468], "rotation": 180, "texture": "#0"},
				"up": {"uv": [0, 0, 3.36438, 14.81876], "rotation": 180, "texture": "#0"},
				"down": {"uv": [0, 0, 3.36438, 14.81876], "rotation": 180, "texture": "#0"}
			}
		},
		{
			"from": [7.9, -1.175, 19.9],
			"to": [8.2, -0.525, 22.4],
			"rotation": {"angle": 0, "axis": "y", "origin": [8.225, -0.9625, 19.4]},
			"faces": {
				"north": {"uv": [0, 0, 1.44188, 2.59328], "rotation": 180, "texture": "#0"},
				"east": {"uv": [0, 0, 9.85282, 2.59328], "rotation": 180, "texture": "#0"},
				"south": {"uv": [0, 0, 1.44188, 2.59328], "rotation": 180, "texture": "#0"},
				"west": {"uv": [0, 0, 9.85282, 2.59328], "rotation": 180, "texture": "#0"},
				"up": {"uv": [0, 0, 1.44188, 10.12614], "rotation": 180, "texture": "#0"},
				"down": {"uv": [0, 0, 1.44188, 10.12614], "rotation": 180, "texture": "#0"}
			}
		},
		{
			"from": [7.6, -1.975, 11.4],
			"to": [8.5, -0.325, 14.5],
			"rotation": {"angle": 0, "axis": "y", "origin": [8.225, -0.9625, 12.4]},
			"faces": {
				"north": {"uv": [0, 0, 2.16282, 3.08724], "rotation": 180, "texture": "#0"},
				"east": {"uv": [0, 0, 10.81406, 3.08724], "rotation": 180, "texture": "#0"},
				"south": {"uv": [0, 0, 2.16282, 3.08724], "rotation": 180, "texture": "#0"},
				"west": {"uv": [0, 0, 10.81406, 3.08724], "rotation": 180, "texture": "#0"},
				"up": {"uv": [0, 0, 2.16282, 11.11406], "rotation": 180, "texture": "#0"},
				"down": {"uv": [0, 0, 2.16282, 11.11406], "rotation": 180, "texture": "#0"}
			}
		},
		{
			"from": [7.8, 5.85, -2.85],
			"to": [8.2, 6.9, 5.6],
			"rotation": {"angle": -45, "axis": "x", "origin": [7.2, 8.85, 4]},
			"faces": {
				"north": {"uv": [0, 0, 3.09374, 2.65736], "rotation": 180, "texture": "#1"},
				"east": {"uv": [0, 0, 3.84504, 14.75414], "rotation": 270, "texture": "#1"},
				"south": {"uv": [0, 0, 3.09374, 2.65736], "texture": "#1"},
				"west": {"uv": [0, 0, 16, 16], "rotation": 90, "texture": "#1"},
				"up": {"uv": [0, 0, 2.14376, 16], "rotation": 180, "texture": "#1"},
				"down": {"uv": [0, 0, 3.09374, 4.46434], "texture": "#1"}
			}
		},
		{
			"from": [7.7, 7.60858, 6.52635],
			"to": [8.3, 8.60858, 8.42635],
			"rotation": {"angle": 0, "axis": "y", "origin": [8.2, 8.55858, 7.37635]},
			"faces": {
				"north": {"uv": [0, 0, 3.09374, 2.76364], "rotation": 180, "texture": "#1"},
				"east": {"uv": [0, 0, 4.02188, 4.46434], "rotation": 270, "texture": "#1"},
				"south": {"uv": [0, 0, 3.09374, 2.76364], "texture": "#1"},
				"west": {"uv": [0, 0, 4.02188, 4.46434], "rotation": 90, "texture": "#1"},
				"up": {"uv": [0, 0, 3.09374, 4.46434], "rotation": 180, "texture": "#1"},
				"down": {"uv": [0, 0, 3.09374, 4.46434], "texture": "#1"}
			}
		},
		{
			"from": [7.8, 7.55858, 8.42635],
			"to": [8.2, 8.55858, 10.52635],
			"rotation": {"angle": 0, "axis": "y", "origin": [8.2, 8.30858, 9.47635]},
			"faces": {
				"north": {"uv": [0, 0, 2.475, 2.55106], "rotation": 180, "texture": "#1"},
				"east": {"uv": [0, 0, 3.7125, 4.46434], "rotation": 270, "texture": "#1"},
				"south": {"uv": [0, 0, 2.475, 2.55106], "texture": "#1"},
				"west": {"uv": [0, 0, 3.7125, 4.46434], "rotation": 90, "texture": "#1"},
				"up": {"uv": [0, 0, 2.475, 4.46434], "rotation": 180, "texture": "#1"},
				"down": {"uv": [0, 0, 2.475, 4.46434], "texture": "#1"}
			}
		},
		{
			"from": [7.9, 7.70858, 10.52635],
			"to": [8.1, 8.40858, 12.02635],
			"rotation": {"angle": 0, "axis": "y", "origin": [8.2, 8.45858, 10.67635]},
			"faces": {
				"north": {"uv": [0, 0, 1.85626, 2.55106], "rotation": 180, "texture": "#1"},
				"east": {"uv": [0, 0, 3.7125, 4.46434], "rotation": 270, "texture": "#1"},
				"south": {"uv": [0, 0, 1.85626, 2.55106], "texture": "#1"},
				"west": {"uv": [0, 0, 3.7125, 4.46434], "rotation": 90, "texture": "#1"},
				"up": {"uv": [0, 0, 1.85626, 4.46434], "rotation": 180, "texture": "#1"},
				"down": {"uv": [0, 0, 1.85626, 4.46434], "texture": "#1"}
			}
		},
		{
			"from": [7.7, -3.07999, 0.05862],
			"to": [8.3, -1.52999, 7.20862],
			"rotation": {"angle": 45, "axis": "x", "origin": [8, -1.23061, 6.99547]},
			"faces": {
				"north": {"uv": [0, 0, 3.09374, 2.65736], "texture": "#1"},
				"east": {"uv": [0, 0, 3.7138, 15.29164], "rotation": 270, "texture": "#1"},
				"south": {"uv": [0, 0, 3.09374, 2.65736], "rotation": 180, "texture": "#1"},
				"west": {"uv": [0, 0, 4.2, 15.86876], "rotation": 90, "texture": "#1"},
				"up": {"uv": [0, 0, 3.09374, 4.46434], "rotation": 180, "texture": "#1"},
				"down": {"uv": [0, 0, 2.9125, 15.90626], "texture": "#1"}
			}
		},
		{
			"from": [7.75, -2.6698, 5.82635],
			"to": [8.25, -1.2698, 11.72635],
			"rotation": {"angle": 0, "axis": "y", "origin": [8, -1.23061, 6.79547]},
			"faces": {
				"north": {"uv": [0, 0, 3.09374, 2.76364], "texture": "#1"},
				"east": {"uv": [0, 0, 12.92334, 15.5875], "rotation": 270, "texture": "#1"},
				"south": {"uv": [0, 0, 3.09374, 2.76364], "rotation": 180, "texture": "#1"},
				"west": {"uv": [0, 0, 4.02188, 15.09376], "rotation": 90, "texture": "#1"},
				"up": {"uv": [0, 0, 3.09374, 15.09376], "rotation": 180, "texture": "#1"},
				"down": {"uv": [0, 0, 3.09374, 15.09376], "texture": "#1"}
			}
		},
		{
			"from": [7.85, -2.4698, 11.52635],
			"to": [8.15, -1.5698, 14.22635],
			"rotation": {"angle": 0, "axis": "y", "origin": [8, -1.23061, 10.39547]},
			"faces": {
				"north": {"uv": [0, 0, 2.475, 2.55106], "texture": "#1"},
				"east": {"uv": [0, 0, 3.7125, 8.7161], "rotation": 270, "texture": "#1"},
				"south": {"uv": [0, 0, 2.475, 2.55106], "rotation": 180, "texture": "#1"},
				"west": {"uv": [0, 0, 3.7125, 8.7161], "rotation": 90, "texture": "#1"},
				"up": {"uv": [0, 0, 2.475, 8.7161], "rotation": 180, "texture": "#1"},
				"down": {"uv": [0, 0, 2.475, 8.7161], "texture": "#1"}
			}
		},
		{
			"from": [8.1, -1.9698, 19.62635],
			"to": [8.1, -1.1698, 22.12635],
			"rotation": {"angle": 0, "axis": "y", "origin": [8, -1.03061, 19.19547]},
			"faces": {
				"north": {"uv": [0, 0, 1.85626, 2.55106], "texture": "#1"},
				"east": {"uv": [0, 0, 3.7125, 7.228], "rotation": 270, "texture": "#1"},
				"south": {"uv": [0, 0, 1.85626, 2.55106], "rotation": 180, "texture": "#1"},
				"west": {"uv": [0, 0, 3.7125, 7.228], "rotation": 90, "texture": "#1"},
				"up": {"uv": [0, 0, 1.85626, 7.228], "rotation": 180, "texture": "#1"},
				"down": {"uv": [0, 0, 1.85626, 7.228], "texture": "#1"}
			}
		},
		{
			"from": [8, 7.70858, 11.72635],
			"to": [8, 8.30858, 13.82635],
			"rotation": {"angle": 0, "axis": "y", "origin": [8.2, 8.45858, 12.77635]},
			"faces": {
				"north": {"uv": [0, 0, 1.2375, 2.55106], "rotation": 180, "texture": "#1"},
				"east": {"uv": [0, 0, 3.7125, 4.46434], "rotation": 270, "texture": "#1"},
				"south": {"uv": [0, 0, 1.2375, 2.55106], "texture": "#1"},
				"west": {"uv": [0, 0, 3.7125, 4.46434], "rotation": 90, "texture": "#1"},
				"up": {"uv": [0, 0, 1.2375, 4.46434], "rotation": 180, "texture": "#1"},
				"down": {"uv": [0, 0, 1.2375, 4.46434], "texture": "#1"}
			}
		},
		{
			"from": [7.9, -2.2698, 14.22635],
			"to": [8.1, -1.4698, 16.92635],
			"rotation": {"angle": 0, "axis": "y", "origin": [8, -1.23061, 13.09547]},
			"faces": {
				"north": {"uv": [0, 0, 2.475, 2.55106], "texture": "#1"},
				"east": {"uv": [0, 0, 3.7125, 8.7161], "rotation": 270, "texture": "#1"},
				"south": {"uv": [0, 0, 2.475, 2.55106], "rotation": 180, "texture": "#1"},
				"west": {"uv": [0, 0, 3.7125, 8.7161], "rotation": 90, "texture": "#1"},
				"up": {"uv": [0, 0, 2.475, 8.7161], "rotation": 180, "texture": "#1"},
				"down": {"uv": [0, 0, 2.475, 8.7161], "texture": "#1"}
			}
		},
		{
			"from": [7.7, -1.475, 14.1],
			"to": [8.4, -0.325, 17.2],
			"rotation": {"angle": 0, "axis": "y", "origin": [8.225, -0.9625, 15.1]},
			"faces": {
				"north": {"uv": [0, 0, 2.16282, 3.08724], "rotation": 180, "texture": "#0"},
				"east": {"uv": [0, 0, 10.81406, 3.08724], "rotation": 180, "texture": "#0"},
				"south": {"uv": [0, 0, 2.16282, 3.08724], "rotation": 180, "texture": "#0"},
				"west": {"uv": [0, 0, 10.81406, 3.08724], "rotation": 180, "texture": "#0"},
				"up": {"uv": [0, 0, 2.16282, 11.11406], "rotation": 180, "texture": "#0"},
				"down": {"uv": [0, 0, 2.16282, 11.11406], "rotation": 180, "texture": "#0"}
			}
		},
		{
			"from": [8, -2.1698, 16.92635],
			"to": [8, -1.3698, 19.62635],
			"rotation": {"angle": 0, "axis": "y", "origin": [8, -1.23061, 15.79547]},
			"faces": {
				"north": {"uv": [0, 0, 2.475, 2.55106], "texture": "#1"},
				"east": {"uv": [0, 0, 3.7125, 8.7161], "rotation": 270, "texture": "#1"},
				"south": {"uv": [0, 0, 2.475, 2.55106], "rotation": 180, "texture": "#1"},
				"west": {"uv": [0, 0, 3.7125, 8.7161], "rotation": 90, "texture": "#1"},
				"up": {"uv": [0, 0, 2.475, 8.7161], "rotation": 180, "texture": "#1"},
				"down": {"uv": [0, 0, 2.475, 8.7161], "texture": "#1"}
			}
		},
		{
			"from": [7.8, -1.375, 16.8],
			"to": [8.3, -0.425, 19.9],
			"rotation": {"angle": 0, "axis": "y", "origin": [8.225, -0.9625, 17.8]},
			"faces": {
				"north": {"uv": [0, 0, 2.16282, 3.08724], "rotation": 180, "texture": "#0"},
				"east": {"uv": [0, 0, 10.81406, 3.08724], "rotation": 180, "texture": "#0"},
				"south": {"uv": [0, 0, 2.16282, 3.08724], "rotation": 180, "texture": "#0"},
				"west": {"uv": [0, 0, 10.81406, 3.08724], "rotation": 180, "texture": "#0"},
				"up": {"uv": [0, 0, 2.16282, 11.11406], "rotation": 180, "texture": "#0"},
				"down": {"uv": [0, 0, 2.16282, 11.11406], "rotation": 180, "texture": "#0"}
			}
		},
		{
			"from": [7.95, -1.7698, 22.12635],
			"to": [8.15, -1.0698, 24.22635],
			"rotation": {"angle": 0, "axis": "y", "origin": [8, -1.03061, 21.69547]},
			"faces": {
				"north": {"uv": [0, 0, 1.85626, 2.55106], "texture": "#1"},
				"east": {"uv": [0, 0, 3.7125, 7.228], "rotation": 270, "texture": "#1"},
				"south": {"uv": [0, 0, 1.85626, 2.55106], "rotation": 180, "texture": "#1"},
				"west": {"uv": [0, 0, 3.7125, 7.228], "rotation": 90, "texture": "#1"},
				"up": {"uv": [0, 0, 1.85626, 7.228], "rotation": 180, "texture": "#1"},
				"down": {"uv": [0, 0, 1.85626, 7.228], "texture": "#1"}
			}
		},
		{
			"from": [7.95, -1.075, 22.4],
			"to": [8.15, -0.575, 24.5],
			"rotation": {"angle": 0, "axis": "y", "origin": [8.225, -0.9625, 21.9]},
			"faces": {
				"north": {"uv": [0, 0, 1.44188, 2.59328], "rotation": 180, "texture": "#0"},
				"east": {"uv": [0, 0, 9.85282, 2.59328], "rotation": 180, "texture": "#0"},
				"south": {"uv": [0, 0, 1.44188, 2.59328], "rotation": 180, "texture": "#0"},
				"west": {"uv": [0, 0, 9.85282, 2.59328], "rotation": 180, "texture": "#0"},
				"up": {"uv": [0, 0, 1.44188, 10.12614], "rotation": 180, "texture": "#0"},
				"down": {"uv": [0, 0, 1.44188, 10.12614], "rotation": 180, "texture": "#0"}
			}
		},
		{
			"from": [8, -1.6698, 24.22635],
			"to": [8.1, -1.0698, 25.72635],
			"rotation": {"angle": 0, "axis": "y", "origin": [8, -1.03061, 23.79547]},
			"faces": {
				"north": {"uv": [0, 0, 1.85626, 2.55106], "texture": "#1"},
				"east": {"uv": [0, 0, 3.7125, 7.228], "rotation": 270, "texture": "#1"},
				"south": {"uv": [0, 0, 1.85626, 2.55106], "rotation": 180, "texture": "#1"},
				"west": {"uv": [0, 0, 3.7125, 7.228], "rotation": 90, "texture": "#1"},
				"up": {"uv": [0, 0, 1.85626, 7.228], "rotation": 180, "texture": "#1"},
				"down": {"uv": [0, 0, 1.85626, 7.228], "texture": "#1"}
			}
		},
		{
			"from": [8, -1.075, 24.5],
			"to": [8.1, -0.725, 26.6],
			"rotation": {"angle": 0, "axis": "y", "origin": [8.225, -0.9625, 24]},
			"faces": {
				"north": {"uv": [0, 0, 1.44188, 2.59328], "rotation": 180, "texture": "#0"},
				"east": {"uv": [0, 0, 9.85282, 2.59328], "rotation": 180, "texture": "#0"},
				"south": {"uv": [0, 0, 1.44188, 2.59328], "rotation": 180, "texture": "#0"},
				"west": {"uv": [0, 0, 9.85282, 2.59328], "rotation": 180, "texture": "#0"},
				"up": {"uv": [0, 0, 1.44188, 10.12614], "rotation": 180, "texture": "#0"},
				"down": {"uv": [0, 0, 1.44188, 10.12614], "rotation": 180, "texture": "#0"}
			}
		},
		{
			"from": [8, -1.4698, 25.72635],
			"to": [8.1, -1.0698, 27.32635],
			"rotation": {"angle": 0, "axis": "y", "origin": [8, -1.03061, 23.79547]},
			"faces": {
				"north": {"uv": [0, 0, 1.85626, 2.55106], "texture": "#1"},
				"east": {"uv": [0, 0, 3.7125, 7.228], "rotation": 270, "texture": "#1"},
				"south": {"uv": [0, 0, 1.85626, 2.55106], "rotation": 180, "texture": "#1"},
				"west": {"uv": [0, 0, 3.7125, 7.228], "rotation": 90, "texture": "#1"},
				"up": {"uv": [0, 0, 1.85626, 7.228], "rotation": 180, "texture": "#1"},
				"down": {"uv": [0, 0, 1.85626, 7.228], "texture": "#1"}
			}
		},
		{
			"from": [8.05, 7.60858, 12.92635],
			"to": [8.05, 8.20858, 15.12635],
			"rotation": {"angle": 0, "axis": "y", "origin": [8.2, 8.35858, 14.07635]},
			"faces": {
				"north": {"uv": [0, 0, 1.2375, 2.55106], "rotation": 180, "texture": "#1"},
				"east": {"uv": [0, 0, 3.7125, 4.46434], "rotation": 270, "texture": "#1"},
				"south": {"uv": [0, 0, 1.2375, 2.55106], "texture": "#1"},
				"west": {"uv": [0, 0, 3.7125, 4.46434], "rotation": 90, "texture": "#1"},
				"up": {"uv": [0, 0, 1.2375, 4.46434], "rotation": 180, "texture": "#1"},
				"down": {"uv": [0, 0, 1.2375, 4.46434], "texture": "#1"}
			}
		}
	],
	"display": {
		"thirdperson_righthand": {
			"translation": [0, 2, 1.75],
			"scale": [0.43, 1, 1.13]
		},
		"thirdperson_lefthand": {
			"translation": [0, 2, 1.75],
			"scale": [0.81, 1, 1.13]
		},
		"firstperson_righthand": {
			"rotation": [13, -9, -15],
			"translation": [0, 6, 0.75],
			"scale": [0.81, 1, 1.13]
		},
		"firstperson_lefthand": {
			"rotation": [13, -9, -15],
			"translation": [0, 6, 0.75],
			"scale": [0.81, 1, 1.13]
		},
		"ground": {
			"rotation": [0.49, -2.79, 87.25],
			"translation": [-4.25, 1, 0.5]
		},
		"gui": {
			"rotation": [-89.23, 37.72, 88.58],
			"translation": [-6.75, 0.25, 0]
		},
		"head": {
			"rotation": [60, 171, 1],
			"translation": [4.75, 4.5, 3.25]
		},
		"fixed": {
			"rotation": [-180, -88.25, -180],
			"translation": [5, 8.25, 0],
			"scale": [1.8, 1.8, 1.8]
		},
		"on_shelf": {
			"rotation": [-85.98, -0.3, 90.06],
			"translation": [-3.25, 0, 0]
		}
	}
}