{
	"format_version": "1.9.0",
	"credit": "Made with Blockbench",
	"texture_size": [64, 64],
	"textures": {
		"0": "ametistold",
		"particle": "ametistold"
	},
	"elements": [
		{
			"from": [7.2, -6, 7.2],
			"to": [8.8, 2, 8.8],
			"rotation": {"angle": 0, "axis": "y", "origin": [7.2, -6, 7.2]},
			"faces": {
				"north": {"uv": [0.25, 4.5, 0.65625, 6.5], "texture": "#0"},
				"east": {"uv": [0.75, 4.5, 1.15625, 6.5], "texture": "#0"},
				"south": {"uv": [1.25, 4.5, 1.65625, 6.5], "texture": "#0"},
				"west": {"uv": [1.75, 4.5, 2.15625, 6.5], "texture": "#0"},
				"up": {"uv": [6.15625, 0.90625, 5.75, 0.5], "texture": "#0"},
				"down": {"uv": [6.15625, 1, 5.75, 1.40625], "texture": "#0"}
			}
		},
		{
			"from": [7.3, -8.39181, 7.84575],
			"to": [8.5, -6.39181, 9.04575],
			"rotation": {"angle": -22.5, "axis": "x", "origin": [7.62708, -7.07612, 7.75433]},
			"faces": {
				"north": {"uv": [5.75, 1.5, 6.0625, 2], "texture": "#0"},
				"east": {"uv": [5.75, 2, 6.0625, 2.5], "texture": "#0"},
				"south": {"uv": [5.75, 2.5, 6.0625, 3], "texture": "#0"},
				"west": {"uv": [5.75, 3, 6.0625, 3.5], "texture": "#0"},
				"up": {"uv": [10.8125, 7.0625, 10.5, 6.75], "texture": "#0"},
				"down": {"uv": [7.5625, 10.5, 7.25, 10.8125], "texture": "#0"}
			}
		},
		{
			"from": [7.3, -8.21754, 6.88864],
			"to": [8.5, -6.21754, 8.08864],
			"rotation": {"angle": 22.5, "axis": "x", "origin": [7.62708, -7.07612, 7.75433]},
			"faces": {
				"north": {"uv": [2.75, 6, 3.0625, 6.5], "texture": "#0"},
				"east": {"uv": [3.25, 6, 3.5625, 6.5], "texture": "#0"},
				"south": {"uv": [3.75, 6, 4.0625, 6.5], "texture": "#0"},
				"west": {"uv": [5, 6, 5.3125, 6.5], "texture": "#0"},
				"up": {"uv": [10.8125, 8.0625, 10.5, 7.75], "texture": "#0"},
				"down": {"uv": [8.5625, 10.5, 8.25, 10.8125], "texture": "#0"}
			}
		},
		{
			"from": [6.84252, -7.99812, 7.45],
			"to": [8.04252, -5.99812, 8.65],
			"rotation": {"angle": -22.5, "axis": "z", "origin": [7.42708, -7.07612, 7.75433]},
			"faces": {
				"north": {"uv": [6, 5, 6.3125, 5.5], "texture": "#0"},
				"east": {"uv": [5.5, 6, 5.8125, 6.5], "texture": "#0"},
				"south": {"uv": [6, 5.5, 6.3125, 6], "texture": "#0"},
				"west": {"uv": [6, 6, 6.3125, 6.5], "texture": "#0"},
				"up": {"uv": [10.8125, 8.5625, 10.5, 8.25], "texture": "#0"},
				"down": {"uv": [9.0625, 10.5, 8.75, 10.8125], "texture": "#0"}
			}
		},
		{
			"from": [7.62845, -9.30484, 7.25],
			"to": [8.82845, -7.30484, 8.45],
			"rotation": {"angle": 22.5, "axis": "z", "origin": [7.52708, -7.82612, 7.75433]},
			"faces": {
				"north": {"uv": [6.25, 0, 6.5625, 0.5], "texture": "#0"},
				"east": {"uv": [6.25, 0.5, 6.5625, 1], "texture": "#0"},
				"south": {"uv": [6.25, 1, 6.5625, 1.5], "texture": "#0"},
				"west": {"uv": [6.25, 1.5, 6.5625, 2], "texture": "#0"},
				"up": {"uv": [10.8125, 9.0625, 10.5, 8.75], "texture": "#0"},
				"down": {"uv": [9.5625, 10.5, 9.25, 10.8125], "texture": "#0"}
			}
		},
		{
			"from": [7.2, -9.11754, 7.13864],
			"to": [8.4, -7.11754, 8.33864],
			"rotation": {"angle": 22.5, "axis": "x", "origin": [7.52708, -7.77612, 8.00433]},
			"faces": {
				"north": {"uv": [6.25, 2, 6.5625, 2.5], "texture": "#0"},
				"east": {"uv": [6.25, 2.5, 6.5625, 3], "texture": "#0"},
				"south": {"uv": [6.25, 3, 6.5625, 3.5], "texture": "#0"},
				"west": {"uv": [6.25, 3.5, 6.5625, 4], "texture": "#0"},
				"up": {"uv": [10.8125, 9.5625, 10.5, 9.25], "texture": "#0"},
				"down": {"uv": [10.0625, 10.5, 9.75, 10.8125], "texture": "#0"}
			}
		},
		{
			"from": [6.94252, -9.04812, 7.35],
			"to": [8.14252, -7.04812, 8.55],
			"rotation": {"angle": -22.5, "axis": "z", "origin": [7.52708, -7.52612, 7.65433]},
			"faces": {
				"north": {"uv": [6.25, 4, 6.5625, 4.5], "texture": "#0"},
				"east": {"uv": [6.25, 4.5, 6.5625, 5], "texture": "#0"},
				"south": {"uv": [0.25, 6.5, 0.5625, 7], "texture": "#0"},
				"west": {"uv": [0.75, 6.5, 1.0625, 7], "texture": "#0"},
				"up": {"uv": [10.8125, 10.0625, 10.5, 9.75], "texture": "#0"},
				"down": {"uv": [10.5625, 10.5, 10.25, 10.8125], "texture": "#0"}
			}
		},
		{
			"from": [7.1, -9.34181, 7.84575],
			"to": [8.5, -7.34181, 9.04575],
			"rotation": {"angle": -22.5, "axis": "x", "origin": [7.52708, -7.82612, 7.75433]},
			"faces": {
				"north": {"uv": [5, 5.5, 5.34375, 6], "texture": "#0"},
				"east": {"uv": [1.25, 6.5, 1.5625, 7], "texture": "#0"},
				"south": {"uv": [5.5, 5, 5.84375, 5.5], "texture": "#0"},
				"west": {"uv": [1.75, 6.5, 2.0625, 7], "texture": "#0"},
				"up": {"uv": [10.84375, 6.0625, 10.5, 5.75], "texture": "#0"},
				"down": {"uv": [6.59375, 10.5, 6.25, 10.8125], "texture": "#0"}
			}
		},
		{
			"from": [7.4, -10.3, 7.35],
			"to": [8.6, -8.3, 8.55],
			"rotation": {"angle": 0, "axis": "y", "origin": [7.2, -6, 7.2]},
			"faces": {
				"north": {"uv": [2.25, 6.5, 2.5625, 7], "texture": "#0"},
				"east": {"uv": [2.75, 6.5, 3.0625, 7], "texture": "#0"},
				"south": {"uv": [3.25, 6.5, 3.5625, 7], "texture": "#0"},
				"west": {"uv": [3.75, 6.5, 4.0625, 7], "texture": "#0"},
				"up": {"uv": [11.0625, 0.3125, 10.75, 0], "texture": "#0"},
				"down": {"uv": [11.0625, 0.5, 10.75, 0.8125], "texture": "#0"}
			}
		},
		{
			"from": [7.5, 5.25, 6.25],
			"to": [8.5, 25.25, 9.75],
			"rotation": {"angle": 0, "axis": "y", "origin": [0, -6, 0]},
			"faces": {
				"north": {"uv": [0, 4.5, 0.25, 9], "texture": "#0"},
				"east": {"uv": [2.5, 0, 3.375, 4.5], "texture": "#0"},
				"south": {"uv": [4.5, 0, 4.75, 4.5], "texture": "#0"},
				"west": {"uv": [3.5, 0, 4.375, 4.5], "texture": "#0"},
				"up": {"uv": [5.75, 4.875, 5.5, 4], "texture": "#0"},
				"down": {"uv": [5, 5.5, 4.75, 6.375], "texture": "#0"}
			}
		},
		{
			"from": [7.75, 6.45, 5.75],
			"to": [8.25, 26.45, 10.25],
			"rotation": {"angle": 0, "axis": "y", "origin": [0, -6, 0]},
			"faces": {
				"north": {"uv": [4.25, 4.5, 4.375, 9], "texture": "#0"},
				"east": {"uv": [0, 0, 1.125, 4.5], "texture": "#0"},
				"south": {"uv": [4.5, 4.5, 4.625, 9], "texture": "#0"},
				"west": {"uv": [1.25, 0, 2.375, 4.5], "texture": "#0"},
				"up": {"uv": [5.875, 8.125, 5.75, 7], "texture": "#0"},
				"down": {"uv": [6.125, 7, 6, 8.125], "texture": "#0"}
			}
		},
		{
			"from": [7.6, 23.95, 5.7],
			"to": [8.4, 26.45, 8.2],
			"rotation": {"angle": -45, "axis": "x", "origin": [8.1, 26.55, 7.45]},
			"faces": {
				"north": {"uv": [10.5, 4, 10.6875, 4.625], "texture": "#0"},
				"east": {"uv": [4.75, 4, 5.375, 4.625], "texture": "#0"},
				"south": {"uv": [4.25, 10.5, 4.4375, 11.125], "texture": "#0"},
				"west": {"uv": [4.75, 4.75, 5.375, 5.375], "texture": "#0"},
				"up": {"uv": [4.6875, 11.125, 4.5, 10.5], "texture": "#0"},
				"down": {"uv": [4.9375, 10.5, 4.75, 11.125], "texture": "#0"}
			}
		},
		{
			"from": [7.85, 24.7, 6.45],
			"to": [8.15, 27.9, 9.75],
			"rotation": {"angle": 45, "axis": "x", "origin": [8.1, 26.45, 8.2]},
			"faces": {
				"north": {"uv": [11.75, 0.25, 11.8125, 1.0625], "texture": "#0"},
				"east": {"uv": [2.25, 4.5, 3.0625, 5.3125], "texture": "#0"},
				"south": {"uv": [0.5, 11.75, 0.5625, 12.5625], "texture": "#0"},
				"west": {"uv": [3.25, 4.5, 4.0625, 5.3125], "texture": "#0"},
				"up": {"uv": [0.8125, 12.5625, 0.75, 11.75], "texture": "#0"},
				"down": {"uv": [1.0625, 11.75, 1, 12.5625], "texture": "#0"}
			}
		},
		{
			"from": [7.6, -8.69181, 7.84575],
			"to": [8.8, -6.69181, 9.04575],
			"rotation": {"angle": -22.5, "axis": "x", "origin": [8.47292, -7.37612, 7.75433]},
			"faces": {
				"north": {"uv": [4.75, 6.5, 5.0625, 7], "texture": "#0"},
				"east": {"uv": [6.5, 5, 6.8125, 5.5], "texture": "#0"},
				"south": {"uv": [5.25, 6.5, 5.5625, 7], "texture": "#0"},
				"west": {"uv": [6.5, 5.5, 6.8125, 6], "texture": "#0"},
				"up": {"uv": [11.0625, 1.3125, 10.75, 1], "texture": "#0"},
				"down": {"uv": [11.0625, 1.5, 10.75, 1.8125], "texture": "#0"}
			}
		},
		{
			"from": [7.6, -8.21754, 6.58864],
			"to": [8.8, -6.21754, 7.78864],
			"rotation": {"angle": 22.5, "axis": "x", "origin": [8.47292, -7.07612, 7.45433]},
			"faces": {
				"north": {"uv": [6.75, 0.5, 7.0625, 1], "texture": "#0"},
				"east": {"uv": [6.75, 1, 7.0625, 1.5], "texture": "#0"},
				"south": {"uv": [6.75, 1.5, 7.0625, 2], "texture": "#0"},
				"west": {"uv": [6.75, 2, 7.0625, 2.5], "texture": "#0"},
				"up": {"uv": [11.0625, 3.3125, 10.75, 3], "texture": "#0"},
				"down": {"uv": [11.0625, 3.5, 10.75, 3.8125], "texture": "#0"}
			}
		},
		{
			"from": [8.05748, -7.99812, 7.45],
			"to": [9.25748, -5.99812, 8.65],
			"rotation": {"angle": 22.5, "axis": "z", "origin": [8.67292, -7.07612, 7.75433]},
			"faces": {
				"north": {"uv": [6.75, 2.5, 7.0625, 3], "texture": "#0"},
				"east": {"uv": [6.75, 3, 7.0625, 3.5], "texture": "#0"},
				"south": {"uv": [6.75, 3.5, 7.0625, 4], "texture": "#0"},
				"west": {"uv": [6.75, 4, 7.0625, 4.5], "texture": "#0"},
				"up": {"uv": [11.0625, 4.3125, 10.75, 4], "texture": "#0"},
				"down": {"uv": [11.0625, 4.5, 10.75, 4.8125], "texture": "#0"}
			}
		},
		{
			"from": [7.17155, -9.30484, 7.65],
			"to": [8.37155, -7.30484, 8.85],
			"rotation": {"angle": -22.5, "axis": "z", "origin": [8.47292, -7.82612, 8.15433]},
			"faces": {
				"north": {"uv": [6.75, 4.5, 7.0625, 5], "texture": "#0"},
				"east": {"uv": [6.75, 6.5, 7.0625, 7], "texture": "#0"},
				"south": {"uv": [0.25, 7, 0.5625, 7.5], "texture": "#0"},
				"west": {"uv": [0.75, 7, 1.0625, 7.5], "texture": "#0"},
				"up": {"uv": [11.0625, 5.3125, 10.75, 5], "texture": "#0"},
				"down": {"uv": [5.8125, 10.75, 5.5, 11.0625], "texture": "#0"}
			}
		},
		{
			"from": [7.5, -9.46754, 7.08864],
			"to": [8.7, -7.46754, 8.28864],
			"rotation": {"angle": 22.5, "axis": "x", "origin": [8.37292, -8.12612, 7.95433]},
			"faces": {
				"north": {"uv": [1.25, 7, 1.5625, 7.5], "texture": "#0"},
				"east": {"uv": [1.75, 7, 2.0625, 7.5], "texture": "#0"},
				"south": {"uv": [2.25, 7, 2.5625, 7.5], "texture": "#0"},
				"west": {"uv": [2.75, 7, 3.0625, 7.5], "texture": "#0"},
				"up": {"uv": [11.0625, 10.5625, 10.75, 10.25], "texture": "#0"},
				"down": {"uv": [11.0625, 10.75, 10.75, 11.0625], "texture": "#0"}
			}
		},
		{
			"from": [7.85748, -9.34812, 7.75],
			"to": [9.05748, -7.34812, 8.95],
			"rotation": {"angle": 22.5, "axis": "z", "origin": [8.47292, -7.82612, 8.05433]},
			"faces": {
				"north": {"uv": [3.25, 7, 3.5625, 7.5], "texture": "#0"},
				"east": {"uv": [3.75, 7, 4.0625, 7.5], "texture": "#0"},
				"south": {"uv": [4.75, 7, 5.0625, 7.5], "texture": "#0"},
				"west": {"uv": [7, 5, 7.3125, 5.5], "texture": "#0"},
				"up": {"uv": [0.3125, 11.3125, 0, 11], "texture": "#0"},
				"down": {"uv": [0.8125, 11, 0.5, 11.3125], "texture": "#0"}
			}
		},
		{
			"from": [7.5, -10.34181, 7.84575],
			"to": [8.9, -8.34181, 9.04575],
			"rotation": {"angle": -22.5, "axis": "x", "origin": [8.47292, -8.82612, 7.75433]},
			"faces": {
				"north": {"uv": [5.5, 5.5, 5.84375, 6], "texture": "#0"},
				"east": {"uv": [5.25, 7, 5.5625, 7.5], "texture": "#0"},
				"south": {"uv": [5.75, 0, 6.09375, 0.5], "texture": "#0"},
				"west": {"uv": [7, 5.5, 7.3125, 6], "texture": "#0"},
				"up": {"uv": [10.84375, 6.5625, 10.5, 6.25], "texture": "#0"},
				"down": {"uv": [7.09375, 10.5, 6.75, 10.8125], "texture": "#0"}
			}
		},
		{
			"from": [7.3, 3.2, 7.05],
			"to": [8.3, 5.2, 8.05],
			"rotation": {"angle": -45, "axis": "x", "origin": [7.3, 3.2, 8.05]},
			"faces": {
				"north": {"uv": [10, 1, 10.25, 1.5], "texture": "#0"},
				"east": {"uv": [1.25, 10, 1.5, 10.5], "texture": "#0"},
				"south": {"uv": [1.5, 10, 1.75, 10.5], "texture": "#0"},
				"west": {"uv": [10, 1.5, 10.25, 2], "texture": "#0"},
				"up": {"uv": [5.75, 11.75, 5.5, 11.5], "texture": "#0"},
				"down": {"uv": [11.75, 5.5, 11.5, 5.75], "texture": "#0"}
			}
		},
		{
			"from": [6.45, 1.39038, 9.38241],
			"to": [7.45, 3.39038, 10.38241],
			"rotation": {"angle": 45, "axis": "x", "origin": [8.125, 3.20355, 9.21066]},
			"faces": {
				"north": {"uv": [9.25, 8, 9.5, 8.5], "texture": "#0"},
				"east": {"uv": [9.25, 8.5, 9.5, 9], "texture": "#0"},
				"south": {"uv": [9.25, 9, 9.5, 9.5], "texture": "#0"},
				"west": {"uv": [0, 9.5, 0.25, 10], "texture": "#0"},
				"up": {"uv": [0.25, 11.75, 0, 11.5], "texture": "#0"},
				"down": {"uv": [11.75, 0, 11.5, 0.25], "texture": "#0"}
			}
		},
		{
			"from": [7.3, 1.00147, 9.98345],
			"to": [8.3, 3.00147, 10.98345],
			"rotation": {"angle": 45, "axis": "x", "origin": [8.025, 3.20355, 9.21066]},
			"faces": {
				"north": {"uv": [9.5, 0, 9.75, 0.5], "texture": "#0"},
				"east": {"uv": [0.25, 9.5, 0.5, 10], "texture": "#0"},
				"south": {"uv": [0.5, 9.5, 0.75, 10], "texture": "#0"},
				"west": {"uv": [9.5, 0.5, 9.75, 1], "texture": "#0"},
				"up": {"uv": [0.5, 11.75, 0.25, 11.5], "texture": "#0"},
				"down": {"uv": [11.75, 0.25, 11.5, 0.5], "texture": "#0"}
			}
		},
		{
			"from": [8.7, 1.14289, 8.71066],
			"to": [9.7, 3.14289, 9.71066],
			"rotation": {"angle": 45, "axis": "x", "origin": [8.025, 3.20355, 9.21066]},
			"faces": {
				"north": {"uv": [0.75, 9.5, 1, 10], "texture": "#0"},
				"east": {"uv": [1, 9.5, 1.25, 10], "texture": "#0"},
				"south": {"uv": [9.5, 1, 9.75, 1.5], "texture": "#0"},
				"west": {"uv": [1.25, 9.5, 1.5, 10], "texture": "#0"},
				"up": {"uv": [0.75, 11.75, 0.5, 11.5], "texture": "#0"},
				"down": {"uv": [11.75, 0.5, 11.5, 0.75], "texture": "#0"}
			}
		},
		{
			"from": [6.8, 3.12279, 8.85208],
			"to": [7.8, 5.12279, 9.85208],
			"rotation": {"angle": 45, "axis": "x", "origin": [8.025, 3.20355, 9.21066]},
			"faces": {
				"north": {"uv": [1.5, 9.5, 1.75, 10], "texture": "#0"},
				"east": {"uv": [9.5, 1.5, 9.75, 2], "texture": "#0"},
				"south": {"uv": [1.75, 9.5, 2, 10], "texture": "#0"},
				"west": {"uv": [2, 9.5, 2.25, 10], "texture": "#0"},
				"up": {"uv": [1, 11.75, 0.75, 11.5], "texture": "#0"},
				"down": {"uv": [11.75, 0.75, 11.5, 1], "texture": "#0"}
			}
		},
		{
			"from": [6.35, 2.1682, 8.60459],
			"to": [7.35, 4.1682, 9.60459],
			"rotation": {"angle": 45, "axis": "x", "origin": [8.025, 3.20355, 9.21066]},
			"faces": {
				"north": {"uv": [2.75, 9.5, 3, 10], "texture": "#0"},
				"east": {"uv": [3, 9.5, 3.25, 10], "texture": "#0"},
				"south": {"uv": [9.5, 3, 9.75, 3.5], "texture": "#0"},
				"west": {"uv": [3.25, 9.5, 3.5, 10], "texture": "#0"},
				"up": {"uv": [1.5, 11.75, 1.25, 11.5], "texture": "#0"},
				"down": {"uv": [11.75, 1.25, 11.5, 1.5], "texture": "#0"}
			}
		},
		{
			"from": [7, 3.90061, 8.07426],
			"to": [8, 5.90061, 9.07426],
			"rotation": {"angle": 45, "axis": "x", "origin": [8.225, 3.20355, 9.21066]},
			"faces": {
				"north": {"uv": [3.5, 9.5, 3.75, 10], "texture": "#0"},
				"east": {"uv": [9.5, 3.5, 9.75, 4], "texture": "#0"},
				"south": {"uv": [3.75, 9.5, 4, 10], "texture": "#0"},
				"west": {"uv": [4, 9.5, 4.25, 10], "texture": "#0"},
				"up": {"uv": [1.75, 11.75, 1.5, 11.5], "texture": "#0"},
				"down": {"uv": [11.75, 1.5, 11.5, 1.75], "texture": "#0"}
			}
		},
		{
			"from": [8.9, 1.92071, 8.23284],
			"to": [9.9, 3.92071, 9.23284],
			"rotation": {"angle": 45, "axis": "x", "origin": [8.225, 3.20355, 9.21066]},
			"faces": {
				"north": {"uv": [4.75, 9.5, 5, 10], "texture": "#0"},
				"east": {"uv": [5, 9.5, 5.25, 10], "texture": "#0"},
				"south": {"uv": [9.5, 5, 9.75, 5.5], "texture": "#0"},
				"west": {"uv": [5.25, 9.5, 5.5, 10], "texture": "#0"},
				"up": {"uv": [2.25, 11.75, 2, 11.5], "texture": "#0"},
				"down": {"uv": [11.75, 2, 11.5, 2.25], "texture": "#0"}
			}
		},
		{
			"from": [8.7, 3, 7.5],
			"to": [9.7, 5, 8.5],
			"rotation": {"angle": -45, "axis": "x", "origin": [8.7, 3, 8.8]},
			"faces": {
				"north": {"uv": [7.75, 9.5, 8, 10], "texture": "#0"},
				"east": {"uv": [8, 9.5, 8.25, 10], "texture": "#0"},
				"south": {"uv": [9.5, 8, 9.75, 8.5], "texture": "#0"},
				"west": {"uv": [8.25, 9.5, 8.5, 10], "texture": "#0"},
				"up": {"uv": [3.25, 11.75, 3, 11.5], "texture": "#0"},
				"down": {"uv": [11.75, 3, 11.5, 3.25], "texture": "#0"}
			}
		},
		{
			"from": [6.55, 2.7, 7.15],
			"to": [7.55, 4.7, 8.15],
			"rotation": {"angle": -45, "axis": "x", "origin": [7.55, 2.7, 8.15]},
			"faces": {
				"north": {"uv": [8.5, 9.5, 8.75, 10], "texture": "#0"},
				"east": {"uv": [9.5, 8.5, 9.75, 9], "texture": "#0"},
				"south": {"uv": [8.75, 9.5, 9, 10], "texture": "#0"},
				"west": {"uv": [9, 9.5, 9.25, 10], "texture": "#0"},
				"up": {"uv": [3.5, 11.75, 3.25, 11.5], "texture": "#0"},
				"down": {"uv": [11.75, 3.25, 11.5, 3.5], "texture": "#0"}
			}
		},
		{
			"from": [6.7, 4.3, 6.3],
			"to": [7.7, 6.3, 7.3],
			"rotation": {"angle": -45, "axis": "x", "origin": [6.7, 4.3, 7.3]},
			"faces": {
				"north": {"uv": [9.5, 9, 9.75, 9.5], "texture": "#0"},
				"east": {"uv": [9.25, 9.5, 9.5, 10], "texture": "#0"},
				"south": {"uv": [9.5, 9.5, 9.75, 10], "texture": "#0"},
				"west": {"uv": [9.75, 0, 10, 0.5], "texture": "#0"},
				"up": {"uv": [3.75, 11.75, 3.5, 11.5], "texture": "#0"},
				"down": {"uv": [11.75, 3.5, 11.5, 3.75], "texture": "#0"}
			}
		},
		{
			"from": [6.35, 1.6, 7.15],
			"to": [7.35, 3.6, 8.15],
			"rotation": {"angle": -45, "axis": "x", "origin": [7.35, 1.6, 8.15]},
			"faces": {
				"north": {"uv": [6, 9.75, 6.25, 10.25], "texture": "#0"},
				"east": {"uv": [9.75, 6, 10, 6.5], "texture": "#0"},
				"south": {"uv": [9.75, 6.5, 10, 7], "texture": "#0"},
				"west": {"uv": [9.75, 7, 10, 7.5], "texture": "#0"},
				"up": {"uv": [4.75, 11.75, 4.5, 11.5], "texture": "#0"},
				"down": {"uv": [11.75, 4.5, 11.5, 4.75], "texture": "#0"}
			}
		},
		{
			"from": [7.3, 1.2, 7],
			"to": [8.3, 3.2, 8],
			"rotation": {"angle": -45, "axis": "x", "origin": [7.3, 1.2, 8]},
			"faces": {
				"north": {"uv": [9.75, 7.5, 10, 8], "texture": "#0"},
				"east": {"uv": [9.75, 8, 10, 8.5], "texture": "#0"},
				"south": {"uv": [9.75, 8.5, 10, 9], "texture": "#0"},
				"west": {"uv": [9.75, 9, 10, 9.5], "texture": "#0"},
				"up": {"uv": [5, 11.75, 4.75, 11.5], "texture": "#0"},
				"down": {"uv": [11.75, 4.75, 11.5, 5], "texture": "#0"}
			}
		},
		{
			"from": [8.8, 1.9, 7.8],
			"to": [9.8, 3.9, 8.8],
			"rotation": {"angle": -45, "axis": "x", "origin": [8.8, 1.9, 8.8]},
			"faces": {
				"north": {"uv": [9.75, 9.5, 10, 10], "texture": "#0"},
				"east": {"uv": [0, 10, 0.25, 10.5], "texture": "#0"},
				"south": {"uv": [10, 0, 10.25, 0.5], "texture": "#0"},
				"west": {"uv": [0.25, 10, 0.5, 10.5], "texture": "#0"},
				"up": {"uv": [5.25, 11.75, 5, 11.5], "texture": "#0"},
				"down": {"uv": [11.75, 5, 11.5, 5.25], "texture": "#0"}
			}
		},
		{
			"from": [6.8, 3.2, 6.3],
			"to": [7.8, 5.2, 7.3],
			"rotation": {"angle": -45, "axis": "x", "origin": [6.8, 3.2, 7.3]},
			"faces": {
				"north": {"uv": [10, 1, 10.25, 1.5], "texture": "#0"},
				"east": {"uv": [1.25, 10, 1.5, 10.5], "texture": "#0"},
				"south": {"uv": [1.5, 10, 1.75, 10.5], "texture": "#0"},
				"west": {"uv": [10, 1.5, 10.25, 2], "texture": "#0"},
				"up": {"uv": [5.75, 11.75, 5.5, 11.5], "texture": "#0"},
				"down": {"uv": [11.75, 5.5, 11.5, 5.75], "texture": "#0"}
			}
		},
		{
			"from": [8.5, 4.8, 7.6],
			"to": [9.5, 6.8, 8.6],
			"rotation": {"angle": 45, "axis": "x", "origin": [8.7, 6.7, 8.8]},
			"faces": {
				"north": {"uv": [2.5, 10, 2.75, 10.5], "texture": "#0"},
				"east": {"uv": [10, 2.5, 10.25, 3], "texture": "#0"},
				"south": {"uv": [2.75, 10, 3, 10.5], "texture": "#0"},
				"west": {"uv": [3, 10, 3.25, 10.5], "texture": "#0"},
				"up": {"uv": [6.25, 11.75, 6, 11.5], "texture": "#0"},
				"down": {"uv": [11.75, 6, 11.5, 6.25], "texture": "#0"}
			}
		},
		{
			"from": [6.35, 5, 7.15],
			"to": [7.35, 7, 8.15],
			"rotation": {"angle": 45, "axis": "x", "origin": [7.35, 7, 8.15]},
			"faces": {
				"north": {"uv": [10, 3, 10.25, 3.5], "texture": "#0"},
				"east": {"uv": [3.25, 10, 3.5, 10.5], "texture": "#0"},
				"south": {"uv": [3.5, 10, 3.75, 10.5], "texture": "#0"},
				"west": {"uv": [10, 3.5, 10.25, 4], "texture": "#0"},
				"up": {"uv": [6.5, 11.75, 6.25, 11.5], "texture": "#0"},
				"down": {"uv": [11.75, 6.25, 11.5, 6.5], "texture": "#0"}
			}
		},
		{
			"from": [8.4, 3.9, 6.7],
			"to": [9.4, 5.9, 7.7],
			"rotation": {"angle": 45, "axis": "x", "origin": [8.2, 5.9, 7.9]},
			"faces": {
				"north": {"uv": [3.75, 10, 4, 10.5], "texture": "#0"},
				"east": {"uv": [4, 10, 4.25, 10.5], "texture": "#0"},
				"south": {"uv": [10, 4, 10.25, 4.5], "texture": "#0"},
				"west": {"uv": [4.25, 10, 4.5, 10.5], "texture": "#0"},
				"up": {"uv": [6.75, 11.75, 6.5, 11.5], "texture": "#0"},
				"down": {"uv": [11.75, 6.5, 11.5, 6.75], "texture": "#0"}
			}
		},
		{
			"from": [8.3, 6.3, 7.4],
			"to": [9.3, 8.3, 8.4],
			"rotation": {"angle": 45, "axis": "x", "origin": [9.3, 8.3, 8.4]},
			"faces": {
				"north": {"uv": [10, 5, 10.25, 5.5], "texture": "#0"},
				"east": {"uv": [5.25, 10, 5.5, 10.5], "texture": "#0"},
				"south": {"uv": [5.5, 10, 5.75, 10.5], "texture": "#0"},
				"west": {"uv": [10, 5.5, 10.25, 6], "texture": "#0"},
				"up": {"uv": [7.25, 11.75, 7, 11.5], "texture": "#0"},
				"down": {"uv": [11.75, 7, 11.5, 7.25], "texture": "#0"}
			}
		},
		{
			"from": [6.45, 6.1, 7.15],
			"to": [7.45, 8.1, 8.15],
			"rotation": {"angle": 45, "axis": "x", "origin": [7.45, 8.1, 8.15]},
			"faces": {
				"north": {"uv": [10, 6, 10.25, 6.5], "texture": "#0"},
				"east": {"uv": [6.25, 10, 6.5, 10.5], "texture": "#0"},
				"south": {"uv": [6.5, 10, 6.75, 10.5], "texture": "#0"},
				"west": {"uv": [10, 6.5, 10.25, 7], "texture": "#0"},
				"up": {"uv": [7.5, 11.75, 7.25, 11.5], "texture": "#0"},
				"down": {"uv": [11.75, 7.25, 11.5, 7.5], "texture": "#0"}
			}
		},
		{
			"from": [7.3, 6.8, 7],
			"to": [8.3, 8.8, 8],
			"rotation": {"angle": 45, "axis": "x", "origin": [7.3, 8.8, 8]},
			"faces": {
				"north": {"uv": [6.75, 10, 7, 10.5], "texture": "#0"},
				"east": {"uv": [7, 10, 7.25, 10.5], "texture": "#0"},
				"south": {"uv": [10, 7, 10.25, 7.5], "texture": "#0"},
				"west": {"uv": [7.25, 10, 7.5, 10.5], "texture": "#0"},
				"up": {"uv": [7.75, 11.75, 7.5, 11.5], "texture": "#0"},
				"down": {"uv": [11.75, 7.5, 11.5, 7.75], "texture": "#0"}
			}
		},
		{
			"from": [8.6, 5.8, 7.8],
			"to": [9.6, 7.8, 8.8],
			"rotation": {"angle": 45, "axis": "x", "origin": [8.7, 7.8, 8.8]},
			"faces": {
				"north": {"uv": [7.5, 10, 7.75, 10.5], "texture": "#0"},
				"east": {"uv": [10, 7.5, 10.25, 8], "texture": "#0"},
				"south": {"uv": [7.75, 10, 8, 10.5], "texture": "#0"},
				"west": {"uv": [8, 10, 8.25, 10.5], "texture": "#0"},
				"up": {"uv": [8, 11.75, 7.75, 11.5], "texture": "#0"},
				"down": {"uv": [11.75, 7.75, 11.5, 8], "texture": "#0"}
			}
		},
		{
			"from": [7, 4.5, 6.3],
			"to": [7.9, 6.5, 7.3],
			"rotation": {"angle": 45, "axis": "x", "origin": [6.8, 6.5, 7.3]},
			"faces": {
				"north": {"uv": [5.25, 10.5, 5.46875, 11], "texture": "#0"},
				"east": {"uv": [8.75, 10, 9, 10.5], "texture": "#0"},
				"south": {"uv": [10.5, 5.25, 10.71875, 5.75], "texture": "#0"},
				"west": {"uv": [9, 10, 9.25, 10.5], "texture": "#0"},
				"up": {"uv": [11.96875, 0.25, 11.75, 0], "texture": "#0"},
				"down": {"uv": [0.46875, 11.75, 0.25, 12], "texture": "#0"}
			}
		},
		{
			"from": [8.2, 5, 6.9],
			"to": [9.2, 7, 7.9],
			"rotation": {"angle": 45, "axis": "x", "origin": [8.2, 7, 7.9]},
			"faces": {
				"north": {"uv": [10, 9, 10.25, 9.5], "texture": "#0"},
				"east": {"uv": [9.25, 10, 9.5, 10.5], "texture": "#0"},
				"south": {"uv": [9.5, 10, 9.75, 10.5], "texture": "#0"},
				"west": {"uv": [10, 9.5, 10.25, 10], "texture": "#0"},
				"up": {"uv": [8.5, 11.75, 8.25, 11.5], "texture": "#0"},
				"down": {"uv": [11.75, 8.25, 11.5, 8.5], "texture": "#0"}
			}
		},
		{
			"from": [8.3, 6.62782, 9.34706],
			"to": [9.3, 8.62782, 10.34706],
			"rotation": {"angle": -45, "axis": "x", "origin": [8.025, 6.49645, 9.21066]},
			"faces": {
				"north": {"uv": [9.75, 10, 10, 10.5], "texture": "#0"},
				"east": {"uv": [10, 10, 10.25, 10.5], "texture": "#0"},
				"south": {"uv": [10.25, 0, 10.5, 0.5], "texture": "#0"},
				"west": {"uv": [10.25, 0.5, 10.5, 1], "texture": "#0"},
				"up": {"uv": [8.75, 11.75, 8.5, 11.5], "texture": "#0"},
				"down": {"uv": [11.75, 8.5, 11.5, 8.75], "texture": "#0"}
			}
		},
		{
			"from": [6.65, 6.30962, 9.38241],
			"to": [7.65, 8.30962, 10.38241],
			"rotation": {"angle": -45, "axis": "x", "origin": [8.325, 6.49645, 9.21066]},
			"faces": {
				"north": {"uv": [10.25, 1, 10.5, 1.5], "texture": "#0"},
				"east": {"uv": [10.25, 1.5, 10.5, 2], "texture": "#0"},
				"south": {"uv": [10.25, 2, 10.5, 2.5], "texture": "#0"},
				"west": {"uv": [10.25, 2.5, 10.5, 3], "texture": "#0"},
				"up": {"uv": [9, 11.75, 8.75, 11.5], "texture": "#0"},
				"down": {"uv": [11.75, 8.75, 11.5, 9], "texture": "#0"}
			}
		},
		{
			"from": [8.8, 6.55711, 8.71066],
			"to": [9.8, 8.55711, 9.71066],
			"rotation": {"angle": -45, "axis": "x", "origin": [8.125, 6.49645, 9.21066]},
			"faces": {
				"north": {"uv": [10.25, 5, 10.5, 5.5], "texture": "#0"},
				"east": {"uv": [10.25, 5.5, 10.5, 6], "texture": "#0"},
				"south": {"uv": [5.75, 10.25, 6, 10.75], "texture": "#0"},
				"west": {"uv": [6, 10.25, 6.25, 10.75], "texture": "#0"},
				"up": {"uv": [9.5, 11.75, 9.25, 11.5], "texture": "#0"},
				"down": {"uv": [11.75, 9.25, 11.5, 9.5], "texture": "#0"}
			}
		},
		{
			"from": [6.8, 4.57721, 8.85208],
			"to": [7.8, 6.57721, 9.85208],
			"rotation": {"angle": -45, "axis": "x", "origin": [8.025, 6.49645, 9.21066]},
			"faces": {
				"north": {"uv": [10.25, 8, 10.5, 8.5], "texture": "#0"},
				"east": {"uv": [10.25, 8.5, 10.5, 9], "texture": "#0"},
				"south": {"uv": [10.25, 9, 10.5, 9.5], "texture": "#0"},
				"west": {"uv": [10.25, 9.5, 10.5, 10], "texture": "#0"},
				"up": {"uv": [10, 11.75, 9.75, 11.5], "texture": "#0"},
				"down": {"uv": [11.75, 9.75, 11.5, 10], "texture": "#0"}
			}
		},
		{
			"from": [6.35, 5.5318, 8.60459],
			"to": [7.35, 7.5318, 9.60459],
			"rotation": {"angle": -45, "axis": "x", "origin": [8.025, 6.49645, 9.21066]},
			"faces": {
				"north": {"uv": [0.5, 10.5, 0.75, 11], "texture": "#0"},
				"east": {"uv": [10.5, 0.5, 10.75, 1], "texture": "#0"},
				"south": {"uv": [0.75, 10.5, 1, 11], "texture": "#0"},
				"west": {"uv": [1, 10.5, 1.25, 11], "texture": "#0"},
				"up": {"uv": [10.5, 11.75, 10.25, 11.5], "texture": "#0"},
				"down": {"uv": [11.75, 10.25, 11.5, 10.5], "texture": "#0"}
			}
		},
		{
			"from": [6.7, 3.79939, 8.07426],
			"to": [7.7, 5.79939, 9.07426],
			"rotation": {"angle": -45, "axis": "x", "origin": [7.925, 6.49645, 9.21066]},
			"faces": {
				"north": {"uv": [10.5, 1, 10.75, 1.5], "texture": "#0"},
				"east": {"uv": [1.25, 10.5, 1.5, 11], "texture": "#0"},
				"south": {"uv": [1.5, 10.5, 1.75, 11], "texture": "#0"},
				"west": {"uv": [10.5, 1.5, 10.75, 2], "texture": "#0"},
				"up": {"uv": [10.75, 11.75, 10.5, 11.5], "texture": "#0"},
				"down": {"uv": [11.75, 10.5, 11.5, 10.75], "texture": "#0"}
			}
		},
		{
			"from": [8.7, 5.77929, 8.13284],
			"to": [9.7, 7.77929, 9.13284],
			"rotation": {"angle": -45, "axis": "x", "origin": [8.025, 6.49645, 9.21066]},
			"faces": {
				"north": {"uv": [1.75, 10.5, 2, 11], "texture": "#0"},
				"east": {"uv": [2, 10.5, 2.25, 11], "texture": "#0"},
				"south": {"uv": [10.5, 2, 10.75, 2.5], "texture": "#0"},
				"west": {"uv": [2.25, 10.5, 2.5, 11], "texture": "#0"},
				"up": {"uv": [11, 11.75, 10.75, 11.5], "texture": "#0"},
				"down": {"uv": [11.75, 10.75, 11.5, 11], "texture": "#0"}
			}
		},
		{
			"from": [8.5, 4.57721, 8.10355],
			"to": [9.5, 6.57721, 9.10355],
			"rotation": {"angle": -45, "axis": "x", "origin": [8.025, 6.49645, 9.21066]},
			"faces": {
				"north": {"uv": [2.5, 10.5, 2.75, 11], "texture": "#0"},
				"east": {"uv": [10.5, 2.5, 10.75, 3], "texture": "#0"},
				"south": {"uv": [2.75, 10.5, 3, 11], "texture": "#0"},
				"west": {"uv": [3, 10.5, 3.25, 11], "texture": "#0"},
				"up": {"uv": [11.25, 11.75, 11, 11.5], "texture": "#0"},
				"down": {"uv": [11.75, 11, 11.5, 11.25], "texture": "#0"}
			}
		},
		{
			"from": [7.3, 3.4, 6.2],
			"to": [8.1, 5.4, 7.2],
			"rotation": {"angle": 45, "axis": "x", "origin": [6.8, 5.4, 7.3]},
			"faces": {
				"north": {"uv": [1.25, 11, 1.4375, 11.5], "texture": "#0"},
				"east": {"uv": [3.75, 10.5, 4, 11], "texture": "#0"},
				"south": {"uv": [1.5, 11, 1.6875, 11.5], "texture": "#0"},
				"west": {"uv": [4, 10.5, 4.25, 11], "texture": "#0"},
				"up": {"uv": [1.6875, 12, 1.5, 11.75], "texture": "#0"},
				"down": {"uv": [11.9375, 1.5, 11.75, 1.75], "texture": "#0"}
			}
		},
		{
			"from": [6.5, 4.57721, 8.10355],
			"to": [7.5, 6.57721, 9.10355],
			"rotation": {"angle": -45, "axis": "x", "origin": [7.975, 6.49645, 9.21066]},
			"faces": {
				"north": {"uv": [8.5, 9, 8.75, 9.5], "texture": "#0"},
				"east": {"uv": [9, 8.5, 9.25, 9], "texture": "#0"},
				"south": {"uv": [8.75, 9, 9, 9.5], "texture": "#0"},
				"west": {"uv": [9, 9, 9.25, 9.5], "texture": "#0"},
				"up": {"uv": [11.5, 10.25, 11.25, 10], "texture": "#0"},
				"down": {"uv": [10.5, 11.25, 10.25, 11.5], "texture": "#0"}
			}
		},
		{
			"from": [6.7, 1.07218, 9.34706],
			"to": [7.7, 3.07218, 10.34706],
			"rotation": {"angle": 45, "axis": "x", "origin": [7.975, 3.20355, 9.21066]},
			"faces": {
				"north": {"uv": [7, 6, 7.25, 6.5], "texture": "#0"},
				"east": {"uv": [6.25, 7, 6.5, 7.5], "texture": "#0"},
				"south": {"uv": [6.5, 7, 6.75, 7.5], "texture": "#0"},
				"west": {"uv": [6.75, 7, 7, 7.5], "texture": "#0"},
				"up": {"uv": [5.75, 10.75, 5.5, 10.5], "texture": "#0"},
				"down": {"uv": [10.75, 10.25, 10.5, 10.5], "texture": "#0"}
			}
		},
		{
			"from": [8.65, 1.39038, 9.38241],
			"to": [9.65, 3.39038, 10.38241],
			"rotation": {"angle": 45, "axis": "x", "origin": [7.975, 3.20355, 9.21066]},
			"faces": {
				"north": {"uv": [7, 7, 7.25, 7.5], "texture": "#0"},
				"east": {"uv": [7.25, 0, 7.5, 0.5], "texture": "#0"},
				"south": {"uv": [7.25, 0.5, 7.5, 1], "texture": "#0"},
				"west": {"uv": [7.25, 1, 7.5, 1.5], "texture": "#0"},
				"up": {"uv": [11, 5.75, 10.75, 5.5], "texture": "#0"},
				"down": {"uv": [2, 11, 1.75, 11.25], "texture": "#0"}
			}
		},
		{
			"from": [7.7, 1.30147, 9.98345],
			"to": [8.7, 3.30147, 10.98345],
			"rotation": {"angle": 45, "axis": "x", "origin": [7.975, 3.50355, 9.21066]},
			"faces": {
				"north": {"uv": [7.25, 1.5, 7.5, 2], "texture": "#0"},
				"east": {"uv": [7.25, 2, 7.5, 2.5], "texture": "#0"},
				"south": {"uv": [7.25, 2.5, 7.5, 3], "texture": "#0"},
				"west": {"uv": [7.25, 3, 7.5, 3.5], "texture": "#0"},
				"up": {"uv": [2.25, 11.25, 2, 11], "texture": "#0"},
				"down": {"uv": [2.5, 11, 2.25, 11.25], "texture": "#0"}
			}
		},
		{
			"from": [6.4, 1.14289, 8.71066],
			"to": [7.4, 3.14289, 9.71066],
			"rotation": {"angle": 45, "axis": "x", "origin": [8.075, 3.20355, 9.21066]},
			"faces": {
				"north": {"uv": [7.25, 3.5, 7.5, 4], "texture": "#0"},
				"east": {"uv": [7.25, 4, 7.5, 4.5], "texture": "#0"},
				"south": {"uv": [7.25, 4.5, 7.5, 5], "texture": "#0"},
				"west": {"uv": [7.25, 6, 7.5, 6.5], "texture": "#0"},
				"up": {"uv": [2.75, 11.25, 2.5, 11], "texture": "#0"},
				"down": {"uv": [3, 11, 2.75, 11.25], "texture": "#0"}
			}
		},
		{
			"from": [7.5, 1.77929, 9.34706],
			"to": [8.5, 3.77929, 10.34706],
			"rotation": {"angle": 45, "axis": "x", "origin": [7.975, 3.20355, 9.21066]},
			"faces": {
				"north": {"uv": [7.25, 6.5, 7.5, 7], "texture": "#0"},
				"east": {"uv": [7.25, 7, 7.5, 7.5], "texture": "#0"},
				"south": {"uv": [7.5, 0, 7.75, 0.5], "texture": "#0"},
				"west": {"uv": [0.25, 7.5, 0.5, 8], "texture": "#0"},
				"up": {"uv": [3.25, 11.25, 3, 11], "texture": "#0"},
				"down": {"uv": [3.5, 11, 3.25, 11.25], "texture": "#0"}
			}
		},
		{
			"from": [8.2, 3.12279, 8.85208],
			"to": [9.2, 5.12279, 9.85208],
			"rotation": {"angle": 45, "axis": "x", "origin": [7.975, 3.20355, 9.21066]},
			"faces": {
				"north": {"uv": [0.5, 7.5, 0.75, 8], "texture": "#0"},
				"east": {"uv": [7.5, 0.5, 7.75, 1], "texture": "#0"},
				"south": {"uv": [0.75, 7.5, 1, 8], "texture": "#0"},
				"west": {"uv": [1, 7.5, 1.25, 8], "texture": "#0"},
				"up": {"uv": [3.75, 11.25, 3.5, 11], "texture": "#0"},
				"down": {"uv": [4, 11, 3.75, 11.25], "texture": "#0"}
			}
		},
		{
			"from": [7.5, 2.55711, 8.14497],
			"to": [8.5, 4.55711, 9.14497],
			"rotation": {"angle": 45, "axis": "x", "origin": [7.975, 3.20355, 9.21066]},
			"faces": {
				"north": {"uv": [1.75, 7.5, 2, 8], "texture": "#0"},
				"east": {"uv": [2, 7.5, 2.25, 8], "texture": "#0"},
				"south": {"uv": [7.5, 2, 7.75, 2.5], "texture": "#0"},
				"west": {"uv": [2.25, 7.5, 2.5, 8], "texture": "#0"},
				"up": {"uv": [5.5, 11.25, 5.25, 11], "texture": "#0"},
				"down": {"uv": [11.25, 5.5, 11, 5.75], "texture": "#0"}
			}
		},
		{
			"from": [8.55, 2.1682, 8.60459],
			"to": [9.55, 4.1682, 9.60459],
			"rotation": {"angle": 45, "axis": "x", "origin": [7.875, 3.20355, 9.21066]},
			"faces": {
				"north": {"uv": [2.5, 7.5, 2.75, 8], "texture": "#0"},
				"east": {"uv": [7.5, 2.5, 7.75, 3], "texture": "#0"},
				"south": {"uv": [2.75, 7.5, 3, 8], "texture": "#0"},
				"west": {"uv": [3, 7.5, 3.25, 8], "texture": "#0"},
				"up": {"uv": [11.25, 6, 11, 5.75], "texture": "#0"},
				"down": {"uv": [11.25, 6, 11, 6.25], "texture": "#0"}
			}
		},
		{
			"from": [8.1, 3.90061, 8.07426],
			"to": [9.1, 5.90061, 9.07426],
			"rotation": {"angle": 45, "axis": "x", "origin": [7.875, 3.20355, 9.21066]},
			"faces": {
				"north": {"uv": [7.5, 3, 7.75, 3.5], "texture": "#0"},
				"east": {"uv": [3.25, 7.5, 3.5, 8], "texture": "#0"},
				"south": {"uv": [3.5, 7.5, 3.75, 8], "texture": "#0"},
				"west": {"uv": [7.5, 3.5, 7.75, 4], "texture": "#0"},
				"up": {"uv": [6.5, 11.25, 6.25, 11], "texture": "#0"},
				"down": {"uv": [11.25, 6.25, 11, 6.5], "texture": "#0"}
			}
		},
		{
			"from": [7.5, 2.45711, 8.26924],
			"to": [8.5, 4.45711, 9.26924],
			"rotation": {"angle": 45, "axis": "x", "origin": [7.975, 3.10355, 8.91066]},
			"faces": {
				"north": {"uv": [3.75, 7.5, 4, 8], "texture": "#0"},
				"east": {"uv": [4, 7.5, 4.25, 8], "texture": "#0"},
				"south": {"uv": [7.5, 4, 7.75, 4.5], "texture": "#0"},
				"west": {"uv": [7.5, 4.5, 7.75, 5], "texture": "#0"},
				"up": {"uv": [6.75, 11.25, 6.5, 11], "texture": "#0"},
				"down": {"uv": [11.25, 6.5, 11, 6.75], "texture": "#0"}
			}
		},
		{
			"from": [7.5, 3.33492, 7.36716],
			"to": [8.5, 5.33492, 8.36716],
			"rotation": {"angle": 45, "axis": "x", "origin": [7.975, 3.20355, 9.21066]},
			"faces": {
				"north": {"uv": [4.75, 7.5, 5, 8], "texture": "#0"},
				"east": {"uv": [5, 7.5, 5.25, 8], "texture": "#0"},
				"south": {"uv": [7.5, 5, 7.75, 5.5], "texture": "#0"},
				"west": {"uv": [5.25, 7.5, 5.5, 8], "texture": "#0"},
				"up": {"uv": [7, 11.25, 6.75, 11], "texture": "#0"},
				"down": {"uv": [11.25, 6.75, 11, 7], "texture": "#0"}
			}
		},
		{
			"from": [6.3, 1.92071, 8.23284],
			"to": [7.3, 3.92071, 9.23284],
			"rotation": {"angle": 45, "axis": "x", "origin": [7.975, 3.20355, 9.21066]},
			"faces": {
				"north": {"uv": [6.5, 7.5, 6.75, 8], "texture": "#0"},
				"east": {"uv": [7.5, 6.5, 7.75, 7], "texture": "#0"},
				"south": {"uv": [6.75, 7.5, 7, 8], "texture": "#0"},
				"west": {"uv": [7, 7.5, 7.25, 8], "texture": "#0"},
				"up": {"uv": [7.5, 11.25, 7.25, 11], "texture": "#0"},
				"down": {"uv": [11.25, 7.25, 11, 7.5], "texture": "#0"}
			}
		},
		{
			"from": [6.2, 3, 7.5],
			"to": [7.2, 5, 8.5],
			"rotation": {"angle": -45, "axis": "x", "origin": [7.2, 3, 8.8]},
			"faces": {
				"north": {"uv": [0.25, 8, 0.5, 8.5], "texture": "#0"},
				"east": {"uv": [0.5, 8, 0.75, 8.5], "texture": "#0"},
				"south": {"uv": [8, 0.5, 8.25, 1], "texture": "#0"},
				"west": {"uv": [0.75, 8, 1, 8.5], "texture": "#0"},
				"up": {"uv": [9, 11.25, 8.75, 11], "texture": "#0"},
				"down": {"uv": [11.25, 8.75, 11, 9], "texture": "#0"}
			}
		},
		{
			"from": [8.65, 2.7, 7.15],
			"to": [9.65, 4.7, 8.15],
			"rotation": {"angle": -45, "axis": "x", "origin": [8.65, 2.7, 8.15]},
			"faces": {
				"north": {"uv": [1, 8, 1.25, 8.5], "texture": "#0"},
				"east": {"uv": [8, 1, 8.25, 1.5], "texture": "#0"},
				"south": {"uv": [1.25, 8, 1.5, 8.5], "texture": "#0"},
				"west": {"uv": [1.5, 8, 1.75, 8.5], "texture": "#0"},
				"up": {"uv": [9.25, 11.25, 9, 11], "texture": "#0"},
				"down": {"uv": [11.25, 9, 11, 9.25], "texture": "#0"}
			}
		},
		{
			"from": [8.5, 4.3, 6.3],
			"to": [9.5, 6.3, 7.3],
			"rotation": {"angle": -45, "axis": "x", "origin": [9.5, 4.3, 7.3]},
			"faces": {
				"north": {"uv": [8, 1.5, 8.25, 2], "texture": "#0"},
				"east": {"uv": [1.75, 8, 2, 8.5], "texture": "#0"},
				"south": {"uv": [2, 8, 2.25, 8.5], "texture": "#0"},
				"west": {"uv": [8, 2, 8.25, 2.5], "texture": "#0"},
				"up": {"uv": [9.5, 11.25, 9.25, 11], "texture": "#0"},
				"down": {"uv": [11.25, 9.25, 11, 9.5], "texture": "#0"}
			}
		},
		{
			"from": [6.7, 1.4, 7.4],
			"to": [7.7, 3.4, 8.4],
			"rotation": {"angle": -45, "axis": "x", "origin": [6.7, 1.4, 8.4]},
			"faces": {
				"north": {"uv": [5.25, 8, 5.5, 8.5], "texture": "#0"},
				"east": {"uv": [5.5, 8, 5.75, 8.5], "texture": "#0"},
				"south": {"uv": [8, 5.5, 8.25, 6], "texture": "#0"},
				"west": {"uv": [8, 6, 8.25, 6.5], "texture": "#0"},
				"up": {"uv": [11.5, 0.25, 11.25, 0], "texture": "#0"},
				"down": {"uv": [11.5, 0.25, 11.25, 0.5], "texture": "#0"}
			}
		},
		{
			"from": [8.65, 1.6, 7.15],
			"to": [9.65, 3.6, 8.15],
			"rotation": {"angle": -45, "axis": "x", "origin": [8.65, 1.6, 8.15]},
			"faces": {
				"north": {"uv": [6.25, 8, 6.5, 8.5], "texture": "#0"},
				"east": {"uv": [6.5, 8, 6.75, 8.5], "texture": "#0"},
				"south": {"uv": [8, 6.5, 8.25, 7], "texture": "#0"},
				"west": {"uv": [6.75, 8, 7, 8.5], "texture": "#0"},
				"up": {"uv": [11.5, 0.75, 11.25, 0.5], "texture": "#0"},
				"down": {"uv": [11.5, 0.75, 11.25, 1], "texture": "#0"}
			}
		},
		{
			"from": [7.7, 0.9, 7],
			"to": [8.7, 2.9, 8],
			"rotation": {"angle": -45, "axis": "x", "origin": [8.7, 0.9, 8]},
			"faces": {
				"north": {"uv": [7, 8, 7.25, 8.5], "texture": "#0"},
				"east": {"uv": [8, 7, 8.25, 7.5], "texture": "#0"},
				"south": {"uv": [7.25, 8, 7.5, 8.5], "texture": "#0"},
				"west": {"uv": [7.5, 8, 7.75, 8.5], "texture": "#0"},
				"up": {"uv": [11.5, 1.25, 11.25, 1], "texture": "#0"},
				"down": {"uv": [11.5, 1.25, 11.25, 1.5], "texture": "#0"}
			}
		},
		{
			"from": [6.3, 1.9, 7.8],
			"to": [7.3, 3.9, 8.8],
			"rotation": {"angle": -45, "axis": "x", "origin": [7.3, 1.9, 8.8]},
			"faces": {
				"north": {"uv": [8, 7.5, 8.25, 8], "texture": "#0"},
				"east": {"uv": [7.75, 8, 8, 8.5], "texture": "#0"},
				"south": {"uv": [8, 8, 8.25, 8.5], "texture": "#0"},
				"west": {"uv": [8.25, 0, 8.5, 0.5], "texture": "#0"},
				"up": {"uv": [11.5, 1.75, 11.25, 1.5], "texture": "#0"},
				"down": {"uv": [2, 11.25, 1.75, 11.5], "texture": "#0"}
			}
		},
		{
			"from": [7.5, 1.9, 6.9],
			"to": [8.5, 3.9, 7.9],
			"rotation": {"angle": -45, "axis": "x", "origin": [8.5, 1.9, 7.9]},
			"faces": {
				"north": {"uv": [8.25, 2.5, 8.5, 3], "texture": "#0"},
				"east": {"uv": [8.25, 3, 8.5, 3.5], "texture": "#0"},
				"south": {"uv": [8.25, 3.5, 8.5, 4], "texture": "#0"},
				"west": {"uv": [8.25, 4, 8.5, 4.5], "texture": "#0"},
				"up": {"uv": [11.5, 2.25, 11.25, 2], "texture": "#0"},
				"down": {"uv": [2.5, 11.25, 2.25, 11.5], "texture": "#0"}
			}
		},
		{
			"from": [8.2, 3.2, 6.3],
			"to": [9.2, 5.2, 7.3],
			"rotation": {"angle": -45, "axis": "x", "origin": [9.2, 3.2, 7.3]},
			"faces": {
				"north": {"uv": [8.25, 4.5, 8.5, 5], "texture": "#0"},
				"east": {"uv": [8.25, 5, 8.5, 5.5], "texture": "#0"},
				"south": {"uv": [8.25, 5.5, 8.5, 6], "texture": "#0"},
				"west": {"uv": [5.75, 8.25, 6, 8.75], "texture": "#0"},
				"up": {"uv": [11.5, 2.5, 11.25, 2.25], "texture": "#0"},
				"down": {"uv": [2.75, 11.25, 2.5, 11.5], "texture": "#0"}
			}
		},
		{
			"from": [6.5, 4.8, 7.6],
			"to": [7.5, 6.8, 8.6],
			"rotation": {"angle": 45, "axis": "x", "origin": [7.3, 6.7, 8.8]},
			"faces": {
				"north": {"uv": [0.5, 8.5, 0.75, 9], "texture": "#0"},
				"east": {"uv": [8.5, 0.5, 8.75, 1], "texture": "#0"},
				"south": {"uv": [0.75, 8.5, 1, 9], "texture": "#0"},
				"west": {"uv": [1, 8.5, 1.25, 9], "texture": "#0"},
				"up": {"uv": [11.5, 3.25, 11.25, 3], "texture": "#0"},
				"down": {"uv": [3.5, 11.25, 3.25, 11.5], "texture": "#0"}
			}
		},
		{
			"from": [8.65, 5, 7.15],
			"to": [9.65, 7, 8.15],
			"rotation": {"angle": 45, "axis": "x", "origin": [8.65, 7, 8.15]},
			"faces": {
				"north": {"uv": [8.5, 1, 8.75, 1.5], "texture": "#0"},
				"east": {"uv": [1.25, 8.5, 1.5, 9], "texture": "#0"},
				"south": {"uv": [1.5, 8.5, 1.75, 9], "texture": "#0"},
				"west": {"uv": [8.5, 1.5, 8.75, 2], "texture": "#0"},
				"up": {"uv": [11.5, 3.5, 11.25, 3.25], "texture": "#0"},
				"down": {"uv": [3.75, 11.25, 3.5, 11.5], "texture": "#0"}
			}
		},
		{
			"from": [7.9, 3.4, 6.2],
			"to": [8.7, 5.4, 7.2],
			"rotation": {"angle": 45, "axis": "x", "origin": [9.2, 5.4, 7.3]},
			"faces": {
				"north": {"uv": [6, 10.75, 6.1875, 11.25], "texture": "#0"},
				"east": {"uv": [5.75, 9.25, 6, 9.75], "texture": "#0"},
				"south": {"uv": [1, 11, 1.1875, 11.5], "texture": "#0"},
				"west": {"uv": [6, 9.25, 6.25, 9.75], "texture": "#0"},
				"up": {"uv": [1.4375, 12, 1.25, 11.75], "texture": "#0"},
				"down": {"uv": [11.9375, 1.25, 11.75, 1.5], "texture": "#0"}
			}
		},
		{
			"from": [6.6, 3.9, 6.7],
			"to": [7.6, 5.9, 7.7],
			"rotation": {"angle": 45, "axis": "x", "origin": [7.8, 5.9, 7.9]},
			"faces": {
				"north": {"uv": [2.5, 8.5, 2.75, 9], "texture": "#0"},
				"east": {"uv": [8.5, 2.5, 8.75, 3], "texture": "#0"},
				"south": {"uv": [2.75, 8.5, 3, 9], "texture": "#0"},
				"west": {"uv": [3, 8.5, 3.25, 9], "texture": "#0"},
				"up": {"uv": [11.5, 4, 11.25, 3.75], "texture": "#0"},
				"down": {"uv": [4.25, 11.25, 4, 11.5], "texture": "#0"}
			}
		},
		{
			"from": [8.45, 6.1, 7.15],
			"to": [9.45, 8.1, 8.15],
			"rotation": {"angle": 45, "axis": "x", "origin": [8.45, 8.1, 8.15]},
			"faces": {
				"north": {"uv": [5.5, 8.5, 5.75, 9], "texture": "#0"},
				"east": {"uv": [8.5, 5.5, 8.75, 6], "texture": "#0"},
				"south": {"uv": [8.5, 6, 8.75, 6.5], "texture": "#0"},
				"west": {"uv": [6.25, 8.5, 6.5, 9], "texture": "#0"},
				"up": {"uv": [11.5, 5, 11.25, 4.75], "texture": "#0"},
				"down": {"uv": [5.25, 11.25, 5, 11.5], "texture": "#0"}
			}
		},
		{
			"from": [7.7, 6.8, 7],
			"to": [8.7, 8.8, 8],
			"rotation": {"angle": 45, "axis": "x", "origin": [8.7, 8.8, 8]},
			"faces": {
				"north": {"uv": [6.5, 8.5, 6.75, 9], "texture": "#0"},
				"east": {"uv": [8.5, 6.5, 8.75, 7], "texture": "#0"},
				"south": {"uv": [6.75, 8.5, 7, 9], "texture": "#0"},
				"west": {"uv": [7, 8.5, 7.25, 9], "texture": "#0"},
				"up": {"uv": [11.5, 5.25, 11.25, 5], "texture": "#0"},
				"down": {"uv": [5.5, 11.25, 5.25, 11.5], "texture": "#0"}
			}
		},
		{
			"from": [7.4, 5.8, 7],
			"to": [8.4, 7.8, 8],
			"rotation": {"angle": 45, "axis": "x", "origin": [8.4, 7.8, 7.9]},
			"faces": {
				"north": {"uv": [8.5, 8.5, 8.75, 9], "texture": "#0"},
				"east": {"uv": [8.75, 0, 9, 0.5], "texture": "#0"},
				"south": {"uv": [8.75, 0.5, 9, 1], "texture": "#0"},
				"west": {"uv": [8.75, 1, 9, 1.5], "texture": "#0"},
				"up": {"uv": [11.5, 6, 11.25, 5.75], "texture": "#0"},
				"down": {"uv": [6.25, 11.25, 6, 11.5], "texture": "#0"}
			}
		},
		{
			"from": [8.1, 4.5, 6.3],
			"to": [9, 6.5, 7.3],
			"rotation": {"angle": 45, "axis": "x", "origin": [9.2, 6.5, 7.3]},
			"faces": {
				"north": {"uv": [10.5, 4.75, 10.71875, 5.25], "texture": "#0"},
				"east": {"uv": [8.75, 1.5, 9, 2], "texture": "#0"},
				"south": {"uv": [5, 10.5, 5.21875, 11], "texture": "#0"},
				"west": {"uv": [8.75, 2, 9, 2.5], "texture": "#0"},
				"up": {"uv": [11.71875, 11.75, 11.5, 11.5], "texture": "#0"},
				"down": {"uv": [0.21875, 11.75, 0, 12], "texture": "#0"}
			}
		},
		{
			"from": [6.8, 5, 6.9],
			"to": [7.8, 7, 7.9],
			"rotation": {"angle": 45, "axis": "x", "origin": [7.8, 7, 7.9]},
			"faces": {
				"north": {"uv": [8.75, 2.5, 9, 3], "texture": "#0"},
				"east": {"uv": [8.75, 3, 9, 3.5], "texture": "#0"},
				"south": {"uv": [8.75, 3.5, 9, 4], "texture": "#0"},
				"west": {"uv": [8.75, 4, 9, 4.5], "texture": "#0"},
				"up": {"uv": [11.5, 6.25, 11.25, 6], "texture": "#0"},
				"down": {"uv": [6.5, 11.25, 6.25, 11.5], "texture": "#0"}
			}
		},
		{
			"from": [6.7, 6.62782, 9.34706],
			"to": [7.7, 8.62782, 10.34706],
			"rotation": {"angle": -45, "axis": "x", "origin": [7.975, 6.49645, 9.21066]},
			"faces": {
				"north": {"uv": [6, 8.75, 6.25, 9.25], "texture": "#0"},
				"east": {"uv": [8.75, 6, 9, 6.5], "texture": "#0"},
				"south": {"uv": [8.75, 6.5, 9, 7], "texture": "#0"},
				"west": {"uv": [8.75, 7, 9, 7.5], "texture": "#0"},
				"up": {"uv": [11.5, 6.75, 11.25, 6.5], "texture": "#0"},
				"down": {"uv": [7, 11.25, 6.75, 11.5], "texture": "#0"}
			}
		},
		{
			"from": [8.65, 6.30962, 9.38241],
			"to": [9.65, 8.30962, 10.38241],
			"rotation": {"angle": -45, "axis": "x", "origin": [7.975, 6.49645, 9.21066]},
			"faces": {
				"north": {"uv": [8.75, 7.5, 9, 8], "texture": "#0"},
				"east": {"uv": [8.75, 8, 9, 8.5], "texture": "#0"},
				"south": {"uv": [8.75, 8.5, 9, 9], "texture": "#0"},
				"west": {"uv": [0, 9, 0.25, 9.5], "texture": "#0"},
				"up": {"uv": [11.5, 7, 11.25, 6.75], "texture": "#0"},
				"down": {"uv": [7.25, 11.25, 7, 11.5], "texture": "#0"}
			}
		},
		{
			"from": [7.7, 6.69853, 9.98345],
			"to": [8.7, 8.69853, 10.98345],
			"rotation": {"angle": -45, "axis": "x", "origin": [7.975, 6.49645, 9.21066]},
			"faces": {
				"north": {"uv": [9, 0, 9.25, 0.5], "texture": "#0"},
				"east": {"uv": [0.25, 9, 0.5, 9.5], "texture": "#0"},
				"south": {"uv": [0.5, 9, 0.75, 9.5], "texture": "#0"},
				"west": {"uv": [9, 0.5, 9.25, 1], "texture": "#0"},
				"up": {"uv": [11.5, 7.25, 11.25, 7], "texture": "#0"},
				"down": {"uv": [7.5, 11.25, 7.25, 11.5], "texture": "#0"}
			}
		},
		{
			"from": [6.4, 6.55711, 8.71066],
			"to": [7.4, 8.55711, 9.71066],
			"rotation": {"angle": -45, "axis": "x", "origin": [8.075, 6.49645, 9.21066]},
			"faces": {
				"north": {"uv": [0.75, 9, 1, 9.5], "texture": "#0"},
				"east": {"uv": [1, 9, 1.25, 9.5], "texture": "#0"},
				"south": {"uv": [9, 1, 9.25, 1.5], "texture": "#0"},
				"west": {"uv": [1.25, 9, 1.5, 9.5], "texture": "#0"},
				"up": {"uv": [11.5, 7.5, 11.25, 7.25], "texture": "#0"},
				"down": {"uv": [7.75, 11.25, 7.5, 11.5], "texture": "#0"}
			}
		},
		{
			"from": [7.5, 5.92071, 9.34706],
			"to": [8.5, 7.92071, 10.34706],
			"rotation": {"angle": -45, "axis": "x", "origin": [7.975, 6.49645, 9.21066]},
			"faces": {
				"north": {"uv": [9, 2, 9.25, 2.5], "texture": "#0"},
				"east": {"uv": [2.25, 9, 2.5, 9.5], "texture": "#0"},
				"south": {"uv": [2.5, 9, 2.75, 9.5], "texture": "#0"},
				"west": {"uv": [9, 2.5, 9.25, 3], "texture": "#0"},
				"up": {"uv": [11.5, 8, 11.25, 7.75], "texture": "#0"},
				"down": {"uv": [8.25, 11.25, 8, 11.5], "texture": "#0"}
			}
		},
		{
			"from": [8.2, 4.57721, 8.85208],
			"to": [9.2, 6.57721, 9.85208],
			"rotation": {"angle": -45, "axis": "x", "origin": [7.975, 6.49645, 9.21066]},
			"faces": {
				"north": {"uv": [2.75, 9, 3, 9.5], "texture": "#0"},
				"east": {"uv": [3, 9, 3.25, 9.5], "texture": "#0"},
				"south": {"uv": [9, 3, 9.25, 3.5], "texture": "#0"},
				"west": {"uv": [3.25, 9, 3.5, 9.5], "texture": "#0"},
				"up": {"uv": [11.5, 8.25, 11.25, 8], "texture": "#0"},
				"down": {"uv": [8.5, 11.25, 8.25, 11.5], "texture": "#0"}
			}
		},
		{
			"from": [7.5, 5.14289, 8.14497],
			"to": [8.5, 7.14289, 9.14497],
			"rotation": {"angle": -45, "axis": "x", "origin": [7.975, 6.49645, 9.21066]},
			"faces": {
				"north": {"uv": [9, 4, 9.25, 4.5], "texture": "#0"},
				"east": {"uv": [4.25, 9, 4.5, 9.5], "texture": "#0"},
				"south": {"uv": [4.5, 9, 4.75, 9.5], "texture": "#0"},
				"west": {"uv": [9, 4.5, 9.25, 5], "texture": "#0"},
				"up": {"uv": [11.5, 8.75, 11.25, 8.5], "texture": "#0"},
				"down": {"uv": [9, 11.25, 8.75, 11.5], "texture": "#0"}
			}
		},
		{
			"from": [8.55, 5.5318, 8.60459],
			"to": [9.55, 7.5318, 9.60459],
			"rotation": {"angle": -45, "axis": "x", "origin": [7.875, 6.49645, 9.21066]},
			"faces": {
				"north": {"uv": [4.75, 9, 5, 9.5], "texture": "#0"},
				"east": {"uv": [5, 9, 5.25, 9.5], "texture": "#0"},
				"south": {"uv": [9, 5, 9.25, 5.5], "texture": "#0"},
				"west": {"uv": [5.25, 9, 5.5, 9.5], "texture": "#0"},
				"up": {"uv": [11.5, 9, 11.25, 8.75], "texture": "#0"},
				"down": {"uv": [9.25, 11.25, 9, 11.5], "texture": "#0"}
			}
		},
		{
			"from": [8.3, 3.79939, 8.07426],
			"to": [9.3, 5.79939, 9.07426],
			"rotation": {"angle": -45, "axis": "x", "origin": [8.075, 6.49645, 9.21066]},
			"faces": {
				"north": {"uv": [5.5, 9, 5.75, 9.5], "texture": "#0"},
				"east": {"uv": [9, 5.5, 9.25, 6], "texture": "#0"},
				"south": {"uv": [9, 6, 9.25, 6.5], "texture": "#0"},
				"west": {"uv": [6.25, 9, 6.5, 9.5], "texture": "#0"},
				"up": {"uv": [11.5, 9.25, 11.25, 9], "texture": "#0"},
				"down": {"uv": [9.5, 11.25, 9.25, 11.5], "texture": "#0"}
			}
		},
		{
			"from": [7.5, 5.04289, 8.26924],
			"to": [8.5, 7.04289, 9.26924],
			"rotation": {"angle": -45, "axis": "x", "origin": [7.975, 6.39645, 8.91066]},
			"faces": {
				"north": {"uv": [6.5, 9, 6.75, 9.5], "texture": "#0"},
				"east": {"uv": [9, 6.5, 9.25, 7], "texture": "#0"},
				"south": {"uv": [6.75, 9, 7, 9.5], "texture": "#0"},
				"west": {"uv": [7, 9, 7.25, 9.5], "texture": "#0"},
				"up": {"uv": [11.5, 9.5, 11.25, 9.25], "texture": "#0"},
				"down": {"uv": [9.75, 11.25, 9.5, 11.5], "texture": "#0"}
			}
		},
		{
			"from": [7.5, 4.36508, 7.36716],
			"to": [8.5, 6.36508, 8.36716],
			"rotation": {"angle": -45, "axis": "x", "origin": [7.975, 6.49645, 9.21066]},
			"faces": {
				"north": {"uv": [9, 7, 9.25, 7.5], "texture": "#0"},
				"east": {"uv": [7.25, 9, 7.5, 9.5], "texture": "#0"},
				"south": {"uv": [7.5, 9, 7.75, 9.5], "texture": "#0"},
				"west": {"uv": [9, 7.5, 9.25, 8], "texture": "#0"},
				"up": {"uv": [11.5, 9.75, 11.25, 9.5], "texture": "#0"},
				"down": {"uv": [10, 11.25, 9.75, 11.5], "texture": "#0"}
			}
		},
		{
			"from": [6.3, 5.77929, 8.13284],
			"to": [7.3, 7.77929, 9.13284],
			"rotation": {"angle": -45, "axis": "x", "origin": [7.975, 6.49645, 9.21066]},
			"faces": {
				"north": {"uv": [7.75, 9, 8, 9.5], "texture": "#0"},
				"east": {"uv": [8, 9, 8.25, 9.5], "texture": "#0"},
				"south": {"uv": [9, 8, 9.25, 8.5], "texture": "#0"},
				"west": {"uv": [8.25, 9, 8.5, 9.5], "texture": "#0"},
				"up": {"uv": [11.5, 10, 11.25, 9.75], "texture": "#0"},
				"down": {"uv": [10.25, 11.25, 10, 11.5], "texture": "#0"}
			}
		},
		{
			"from": [6.2, 1.5, 7.5],
			"to": [9.75, 3.5, 9.5],
			"rotation": {"angle": -45, "axis": "x", "origin": [7, 3, 5.5]},
			"faces": {
				"north": {"uv": [4.75, 0, 5.625, 0.5], "texture": "#0"},
				"east": {"uv": [2.25, 5.5, 2.75, 6], "texture": "#0"},
				"south": {"uv": [4.75, 0.5, 5.625, 1], "texture": "#0"},
				"west": {"uv": [2.75, 5.5, 3.25, 6], "texture": "#0"},
				"up": {"uv": [5.625, 1.5, 4.75, 1], "texture": "#0"},
				"down": {"uv": [5.625, 1.5, 4.75, 2], "texture": "#0"}
			}
		}
	],
	"display": {
		"thirdperson_righthand": {
			"translation": [0, 9.5, 2],
			"scale": [0.63, 1.16, 0.81]
		},
		"thirdperson_lefthand": {
			"translation": [0, 9.5, 2],
			"scale": [0.63, 1.16, 0.81]
		},
		"firstperson_righthand": {
			"rotation": [-36.95, 4.63, -26.18],
			"translation": [4.75, 6.25, -4.75],
			"scale": [0.63, 1.16, 0.81]
		},
		"firstperson_lefthand": {
			"rotation": [-36.95, 4.63, -26.18],
			"translation": [4.75, 6.25, -4.75],
			"scale": [0.63, 1.16, 0.81]
		},
		"ground": {
			"rotation": [-5.56, 0.72, -88],
			"translation": [0, 0, 0.5]
		},
		"gui": {
			"rotation": [-82.11, -43.94, -86.61],
			"translation": [-0.25, -0.25, -4.75],
			"scale": [0.18, 0.56, 0.41]
		},
		"head": {
			"rotation": [97.25, 0, 0],
			"translation": [-0.25, 0, -9.75],
			"scale": [0.63, 1.16, 0.81]
		},
		"fixed": {
			"rotation": [0, -90, 0],
			"translation": [0, 0, -0.5],
			"scale": [0.63, 1.16, 0.81]
		},
		"on_shelf": {
			"rotation": [0, -90, 0],
			"translation": [0, 0, -0.5],
			"scale": [0.2, 0.79, 0.49]
		}
	},
	"groups": [
		0,
		1,
		2,
		3,
		4,
		5,
		6,
		7,
		8,
		9,
		10,
		11,
		12,
		13,
		14,
		15,
		16,
		17,
		18,
		19,
		{
			"name": "group",
			"origin": [7.3, 3.2, 8.05],
			"color": 0,
			"children": [
				20,
				21,
				22,
				23,
				24,
				25,
				26,
				27,
				28,
				29,
				30,
				31,
				32,
				33,
				34,
				35,
				36,
				37,
				38,
				39,
				40,
				41,
				42,
				43,
				44,
				45,
				46,
				47,
				48,
				49,
				50,
				51,
				52,
				53,
				54,
				55,
				56,
				57,
				58,
				59,
				60,
				61,
				62,
				63,
				64,
				65,
				66,
				67,
				68,
				69,
				70,
				71,
				72,
				73,
				74,
				75,
				76,
				77,
				78,
				79,
				80,
				81,
				82,
				83,
				84,
				85,
				86,
				87,
				88,
				89,
				90,
				91,
				92,
				93,
				94,
				95,
				96
			]
		},
		{
			"name": "group",
			"origin": [7.3, 3.2, 8.05],
			"color": 0,
			"children": []
		}
	]
}