{
	"format_version": "1.9.0",
	"credit": "Made with Blockbench",
	"texture_size": [64, 64],
	"textures": {
		"2": "Downloads/Telegram Desktop/Shadowhole",
		"particle": "Downloads/Telegram Desktop/Shadowhole"
	},
	"elements": [
		{
			"from": [6.9, -13, 6.9],
			"to": [9.1, -12, 9.1],
			"rotation": {"angle": 0, "axis": "y", "origin": [7, -14, 7]},
			"faces": {
				"north": {"uv": [8.97656, 6.5, 9.52344, 6.75], "texture": "#2"},
				"east": {"uv": [9.22656, 2, 9.77344, 2.25], "texture": "#2"},
				"south": {"uv": [9.23438, 2.25, 9.78125, 2.5], "texture": "#2"},
				"west": {"uv": [9.22656, 3.5, 9.77344, 3.75], "texture": "#2"},
				"up": {"uv": [9.27344, 1.04688, 8.72656, 0.5], "texture": "#2"},
				"down": {"uv": [1.54688, 8.75, 1, 9.29688], "texture": "#2"}
			}
		},
		{
			"from": [7, -12, 7],
			"to": [9, -3, 9],
			"rotation": {"angle": 0, "axis": "y", "origin": [7, -12, 7]},
			"faces": {
				"north": {"uv": [4.22656, 0, 4.72656, 2.25], "texture": "#2"},
				"east": {"uv": [0, 4.49219, 0.47578, 6.74219], "texture": "#2"},
				"south": {"uv": [0.5, 4.49219, 0.97578, 6.74219], "texture": "#2"},
				"west": {"uv": [1, 4.5, 1.47578, 6.75], "texture": "#2"},
				"up": {"uv": [7.75, 6.25, 7.25, 5.75], "texture": "#2"},
				"down": {"uv": [9.25, 2, 8.75, 2.5], "texture": "#2"}
			}
		},
		{
			"from": [6.7, -14.1, 6.7],
			"to": [9.3, -13, 9.3],
			"rotation": {"angle": 0, "axis": "y", "origin": [7, -15, 7]},
			"faces": {
				"north": {"uv": [2.97656, 9, 3.625, 9.27344], "texture": "#2"},
				"east": {"uv": [8.97656, 3, 9.625, 3.27344], "texture": "#2"},
				"south": {"uv": [8.96875, 5.5, 9.61719, 5.77344], "texture": "#2"},
				"west": {"uv": [5.97656, 9.00781, 6.625, 9.28125], "texture": "#2"},
				"up": {"uv": [7.875, 8.39844, 7.22656, 7.75], "texture": "#2"},
				"down": {"uv": [1.625, 8, 0.97656, 8.64844], "texture": "#2"}
			}
		},
		{
			"from": [6.9, -15, 6.9],
			"to": [9.1, -14, 9.1],
			"rotation": {"angle": 0, "axis": "y", "origin": [7, -16, 7]},
			"faces": {
				"north": {"uv": [9.22656, 3.75, 9.77344, 4], "texture": "#2"},
				"east": {"uv": [3.97656, 9.25, 4.52344, 9.5], "texture": "#2"},
				"south": {"uv": [9.22656, 4, 9.77344, 4.25], "texture": "#2"},
				"west": {"uv": [9.22656, 4.25, 9.77344, 4.5], "texture": "#2"},
				"up": {"uv": [9.29688, 1.79688, 8.75, 1.25], "texture": "#2"},
				"down": {"uv": [2.27344, 8.75, 1.72656, 9.29688], "texture": "#2"}
			}
		},
		{
			"from": [7.1, -16, 7.1],
			"to": [8.9, -15, 8.9],
			"rotation": {"angle": 0, "axis": "y", "origin": [7, -17, 7]},
			"faces": {
				"north": {"uv": [3.97656, 4.5, 4.42969, 4.75], "texture": "#2"},
				"east": {"uv": [5.97656, 1, 6.42969, 1.25], "texture": "#2"},
				"south": {"uv": [8.22656, 0.75, 8.67969, 1], "texture": "#2"},
				"west": {"uv": [8.47656, 5.5, 8.92969, 5.75], "texture": "#2"},
				"up": {"uv": [0.95313, 9.45313, 0.5, 9], "texture": "#2"},
				"down": {"uv": [9.42969, 2.49219, 8.97656, 2.94531], "texture": "#2"}
			}
		},
		{
			"from": [6.8, -3, 6.7],
			"to": [9.2, -1, 9.3],
			"rotation": {"angle": 0, "axis": "y", "origin": [7, -3, 7]},
			"faces": {
				"north": {"uv": [8.47656, 6.75, 9.07813, 7.25], "texture": "#2"},
				"east": {"uv": [8.22656, 2.5, 8.875, 3], "texture": "#2"},
				"south": {"uv": [6.97656, 8.5, 7.57813, 9], "texture": "#2"},
				"west": {"uv": [8.22656, 3, 8.875, 3.5], "texture": "#2"},
				"up": {"uv": [8.57813, 1.64844, 7.97656, 1], "texture": "#2"},
				"down": {"uv": [2.32813, 8, 1.72656, 8.64844], "texture": "#2"}
			}
		},
		{
			"from": [6.9, -2.1, 3.9],
			"to": [9.1, -0.1, 6.9],
			"rotation": {"angle": 22.5, "axis": "x", "origin": [7, -2.1, 4.6]},
			"faces": {
				"north": {"uv": [8.47656, 8.25, 9.07813, 8.75], "texture": "#2"},
				"east": {"uv": [3.22656, 8.5, 3.875, 9], "texture": "#2"},
				"south": {"uv": [8.75, 0, 9.35156, 0.5], "texture": "#2"},
				"west": {"uv": [8.5, 5, 9.14844, 5.5], "texture": "#2"},
				"up": {"uv": [8.57813, 4.14844, 7.97656, 3.5], "texture": "#2"},
				"down": {"uv": [8.57813, 4.25, 7.97656, 4.89844], "texture": "#2"}
			}
		},
		{
			"from": [6.9, -2.9, 9.3],
			"to": [9.1, -0.9, 12.3],
			"rotation": {"angle": -22.5, "axis": "x", "origin": [7, -2.9, 9.6]},
			"faces": {
				"north": {"uv": [8.47852, 7.25, 9.08008, 7.75], "texture": "#2"},
				"east": {"uv": [8.22656, 5.75, 8.875, 6.25], "texture": "#2"},
				"south": {"uv": [8.47852, 7.75, 9.08008, 8.25], "texture": "#2"},
				"west": {"uv": [8.22656, 6.25, 8.875, 6.75], "texture": "#2"},
				"up": {"uv": [8.57813, 2.39844, 7.97656, 1.75], "texture": "#2"},
				"down": {"uv": [3.07813, 8, 2.47656, 8.64844], "texture": "#2"}
			}
		},
		{
			"from": [7, -1, 4.5],
			"to": [9, 5, 11.5],
			"rotation": {"angle": 0, "axis": "y", "origin": [8, 2, 8]},
			"faces": {
				"north": {"uv": [5.25, 6.25, 5.75, 7.75], "texture": "#2"},
				"east": {"uv": [0, 0, 1.72656, 1.5], "texture": "#2"},
				"south": {"uv": [5.71875, 6.25, 6.21875, 7.75], "texture": "#2"},
				"west": {"uv": [0, 1.5, 1.72656, 3], "texture": "#2"},
				"up": {"uv": [3.97656, 7.49219, 3.47656, 5.74219], "texture": "#2"},
				"down": {"uv": [4.47656, 6, 3.97656, 7.75], "texture": "#2"}
			}
		},
		{
			"from": [7, 0.1, 2.5],
			"to": [9, 3.7, 4.5],
			"rotation": {"angle": 0, "axis": "y", "origin": [7, 1, 2.5]},
			"faces": {
				"north": {"uv": [2.5, 6.75, 3, 7.92188], "texture": "#2"},
				"east": {"uv": [6.75, 2.5, 7.25, 3.67188], "texture": "#2"},
				"south": {"uv": [3, 6.75, 3.5, 7.92188], "texture": "#2"},
				"west": {"uv": [6.75, 3.75, 7.21875, 4.92188], "texture": "#2"},
				"up": {"uv": [9.22656, 4.00781, 8.72656, 3.50781], "texture": "#2"},
				"down": {"uv": [4.47656, 8.75, 3.97656, 9.25], "texture": "#2"}
			}
		},
		{
			"from": [5, 1, 5],
			"to": [5.8, 2.6, 11],
			"rotation": {"angle": 0, "axis": "y", "origin": [7, 0.8, 5]},
			"faces": {
				"north": {"uv": [6.25, 6.25, 7.75, 6.75], "texture": "#2"},
				"east": {"uv": [6.48438, 1, 7.97656, 1.5], "texture": "#2"},
				"south": {"uv": [6.46875, 1.5, 7.97656, 2], "texture": "#2"},
				"west": {"uv": [6.5, 2, 7.97656, 2.5], "texture": "#2"},
				"up": {"uv": [3.22656, 1.5, 1.75, 0], "texture": "#2"},
				"down": {"uv": [3.22656, 1.5, 1.75, 3], "texture": "#2"}
			}
		},
		{
			"from": [7, 0.4, 0.5],
			"to": [9, 3.2, 2.5],
			"rotation": {"angle": 0, "axis": "y", "origin": [7, 1, 0.5]},
			"faces": {
				"north": {"uv": [3.97656, 7.75, 4.47656, 8.625], "texture": "#2"},
				"east": {"uv": [5, 7.75, 5.5, 8.625], "texture": "#2"},
				"south": {"uv": [5.5, 7.75, 6, 8.625], "texture": "#2"},
				"west": {"uv": [7.72656, 5.75, 8.22656, 6.625], "texture": "#2"},
				"up": {"uv": [8.25, 9.25, 7.75, 8.75], "texture": "#2"},
				"down": {"uv": [8.72656, 8.75, 8.22656, 9.25], "texture": "#2"}
			}
		},
		{
			"from": [6, 1.1, 0],
			"to": [10.1, 2.5, 5],
			"rotation": {"angle": 0, "axis": "y", "origin": [7, 0.8, 0]},
			"faces": {
				"north": {"uv": [6.22656, 6.25, 7.72656, 6.75], "texture": "#2"},
				"east": {"uv": [6.47656, 1, 7.97656, 1.5], "texture": "#2"},
				"south": {"uv": [6.47656, 1.5, 7.97656, 2], "texture": "#2"},
				"west": {"uv": [6.47656, 2, 7.97656, 2.5], "texture": "#2"},
				"up": {"uv": [3.22656, 1.5, 1.75, 0], "texture": "#2"},
				"down": {"uv": [3.22656, 1.5, 1.75, 3], "texture": "#2"}
			}
		},
		{
			"from": [6, -0.2, 6],
			"to": [10, 3.8, 10],
			"rotation": {"angle": 0, "axis": "y", "origin": [6, -0.2, 6]},
			"faces": {
				"north": {"uv": [4.72656, 1.25, 5.72656, 2.25], "texture": "#2"},
				"east": {"uv": [1.5, 5.75, 2.5, 6.75], "texture": "#2"},
				"south": {"uv": [2.46094, 5.75, 3.46094, 6.75], "texture": "#2"},
				"west": {"uv": [5.72656, 2.75, 6.72656, 3.75], "texture": "#2"},
				"up": {"uv": [6.72656, 4.75, 5.72656, 3.75], "texture": "#2"},
				"down": {"uv": [6.99219, 0, 5.99219, 1], "texture": "#2"}
			}
		},
		{
			"from": [7, 0, 11.5],
			"to": [9, 3.7, 13.5],
			"rotation": {"angle": 0, "axis": "y", "origin": [7, 1, 11.5]},
			"faces": {
				"north": {"uv": [6.75, 5, 7.25, 6.17188], "texture": "#2"},
				"east": {"uv": [6.22656, 6.75781, 6.72656, 7.92969], "texture": "#2"},
				"south": {"uv": [6.71875, 6.75, 7.21875, 7.92188], "texture": "#2"},
				"west": {"uv": [7.24219, 2.5, 7.72656, 3.67188], "texture": "#2"},
				"up": {"uv": [9.21875, 4.5, 8.71875, 4], "texture": "#2"},
				"down": {"uv": [9.21875, 4.5, 8.71875, 5], "texture": "#2"}
			}
		},
		{
			"from": [5.8, 1, 5],
			"to": [10.2, 2.6, 5.8],
			"rotation": {"angle": 0, "axis": "y", "origin": [11.8, 0.8, 7]},
			"faces": {
				"north": {"uv": [6.5, 2, 7.97656, 2.5], "texture": "#2"},
				"east": {"uv": [6.25, 6.25, 7.75, 6.75], "texture": "#2"},
				"south": {"uv": [6.48438, 1, 7.97656, 1.5], "texture": "#2"},
				"west": {"uv": [6.46875, 1.5, 7.97656, 2], "texture": "#2"},
				"up": {"uv": [3.22656, 1.5, 1.75, 0], "rotation": 90, "texture": "#2"},
				"down": {"uv": [3.22656, 1.5, 1.75, 3], "rotation": 270, "texture": "#2"}
			}
		},
		{
			"from": [10.2, 1, 5],
			"to": [11, 2.6, 11],
			"rotation": {"angle": 0, "axis": "y", "origin": [12.2, 0.8, 5]},
			"faces": {
				"north": {"uv": [6.25, 6.25, 7.75, 6.75], "texture": "#2"},
				"east": {"uv": [6.48438, 1, 7.97656, 1.5], "texture": "#2"},
				"south": {"uv": [6.46875, 1.5, 7.97656, 2], "texture": "#2"},
				"west": {"uv": [6.5, 2, 7.97656, 2.5], "texture": "#2"},
				"up": {"uv": [3.22656, 1.5, 1.75, 0], "texture": "#2"},
				"down": {"uv": [3.22656, 1.5, 1.75, 3], "texture": "#2"}
			}
		},
		{
			"from": [5.8, 1, 10.2],
			"to": [10.2, 2.6, 11],
			"rotation": {"angle": 0, "axis": "y", "origin": [11.8, 0.8, 12.2]},
			"faces": {
				"north": {"uv": [6.5, 2, 7.97656, 2.5], "texture": "#2"},
				"east": {"uv": [6.25, 6.25, 7.75, 6.75], "texture": "#2"},
				"south": {"uv": [6.48438, 1, 7.97656, 1.5], "texture": "#2"},
				"west": {"uv": [6.46875, 1.5, 7.97656, 2], "texture": "#2"},
				"up": {"uv": [3.22656, 1.5, 1.75, 0], "rotation": 90, "texture": "#2"},
				"down": {"uv": [3.22656, 1.5, 1.75, 3], "rotation": 270, "texture": "#2"}
			}
		},
		{
			"from": [6, 1.1, 11],
			"to": [10.1, 2.5, 16.5],
			"rotation": {"angle": 0, "axis": "y", "origin": [7, 0.8, 11]},
			"faces": {
				"north": {"uv": [6.22656, 6.25, 7.72656, 6.75], "texture": "#2"},
				"east": {"uv": [6.5, 1, 7.97656, 1.5], "texture": "#2"},
				"south": {"uv": [6.5, 1.5, 7.97656, 2], "texture": "#2"},
				"west": {"uv": [6.5, 2, 7.97656, 2.5], "texture": "#2"},
				"up": {"uv": [3.22656, 1.5, 1.75, 0], "texture": "#2"},
				"down": {"uv": [3.22656, 1.5, 1.75, 3], "texture": "#2"}
			}
		},
		{
			"from": [6.6, 5.6, 5.85],
			"to": [9.3, 10, 10.1],
			"rotation": {"angle": 0, "axis": "y", "origin": [8, 7, 8.55]},
			"faces": {
				"north": {"uv": [5.23438, 4.75, 5.89844, 6.25], "texture": "#2"},
				"east": {"uv": [0, 3, 1.03125, 4.5], "texture": "#2"},
				"south": {"uv": [5.75, 1.25, 6.39844, 2.75], "texture": "#2"},
				"west": {"uv": [1.23438, 3, 2.28906, 4.5], "texture": "#2"},
				"up": {"uv": [1.64453, 7.8125, 0.97656, 6.75], "texture": "#2"},
				"down": {"uv": [2.39844, 6.75, 1.72656, 7.8125], "texture": "#2"}
			}
		},
		{
			"from": [6.8, 10, 6.15],
			"to": [9.1, 16, 9.8],
			"rotation": {"angle": 0, "axis": "y", "origin": [8, 13, 8.55]},
			"faces": {
				"north": {"uv": [4.5, 6, 5.05469, 7.5], "texture": "#2"},
				"east": {"uv": [2.5, 3, 3.39063, 4.5], "texture": "#2"},
				"south": {"uv": [6, 4.75, 6.55469, 6.25], "texture": "#2"},
				"west": {"uv": [3.25, 0, 4.14063, 1.5], "texture": "#2"},
				"up": {"uv": [7.80469, 5.66406, 7.25, 4.75], "texture": "#2"},
				"down": {"uv": [7.82813, 6.75, 7.25, 7.66406], "texture": "#2"}
			}
		},
		{
			"from": [7, 16, 6.45],
			"to": [8.9, 22, 9.5],
			"rotation": {"angle": 0, "axis": "y", "origin": [8, 19, 8.55]},
			"faces": {
				"north": {"uv": [0, 6.75, 0.45313, 8.25], "texture": "#2"},
				"east": {"uv": [3.25, 1.5, 3.99219, 3], "texture": "#2"},
				"south": {"uv": [0.47656, 6.75, 0.95313, 8.25], "texture": "#2"},
				"west": {"uv": [3.5, 3, 4.24219, 4.5], "texture": "#2"},
				"up": {"uv": [8.45313, 7.51563, 7.97656, 6.75], "texture": "#2"},
				"down": {"uv": [8.45313, 7.75, 7.97656, 8.51563], "texture": "#2"}
			}
		},
		{
			"from": [7.1, 22, 6.75],
			"to": [8.8, 25.7, 9.25],
			"rotation": {"angle": 0, "axis": "y", "origin": [8, 25, 8.55]},
			"faces": {
				"north": {"uv": [5.97656, 8, 6.39844, 8.92188], "texture": "#2"},
				"east": {"uv": [6.98438, 0, 7.60156, 0.92188], "texture": "#2"},
				"south": {"uv": [6.47656, 8, 6.89844, 8.92188], "texture": "#2"},
				"west": {"uv": [7.22656, 3.75, 7.85156, 4.67188], "texture": "#2"},
				"up": {"uv": [4.89844, 9.125, 4.47656, 8.5], "texture": "#2"},
				"down": {"uv": [2.89844, 8.75, 2.47656, 9.375], "texture": "#2"}
			}
		},
		{
			"from": [7.3, 25.7, 7.05],
			"to": [8.6, 28.5, 9],
			"rotation": {"angle": 0, "axis": "y", "origin": [8, 26.7, 8.55]},
			"faces": {
				"north": {"uv": [8.72656, 8.75, 9.05469, 9.45313], "texture": "#2"},
				"east": {"uv": [7.97656, 5, 8.46094, 5.70313], "texture": "#2"},
				"south": {"uv": [0, 9, 0.30469, 9.70313], "texture": "#2"},
				"west": {"uv": [0, 8.25, 0.46094, 8.95313], "texture": "#2"},
				"up": {"uv": [9.30469, 6.48438, 8.97656, 6], "texture": "#2"},
				"down": {"uv": [7.07813, 9, 6.75, 9.48438], "texture": "#2"}
			}
		},
		{
			"from": [7.5, 28.5, 7.25],
			"to": [8.4, 31.3, 8.8],
			"rotation": {"angle": 0, "axis": "y", "origin": [8, 29.5, 8.55]},
			"faces": {
				"north": {"uv": [4.22656, 2.25, 4.45313, 2.95313], "texture": "#2"},
				"east": {"uv": [8.22656, 0, 8.71094, 0.70313], "texture": "#2"},
				"south": {"uv": [3.72656, 9, 3.95313, 9.70313], "texture": "#2"},
				"west": {"uv": [0.46875, 8.25, 0.95313, 8.95313], "texture": "#2"},
				"up": {"uv": [3.45313, 8.48438, 3.22656, 8], "texture": "#2"},
				"down": {"uv": [7.22656, 8, 7, 8.48438], "texture": "#2"}
			}
		},
		{
			"from": [6.5, 5.12705, 8.76444],
			"to": [9.4, 7.12705, 11.76444],
			"rotation": {"angle": 22.5, "axis": "x", "origin": [8, 5.5206, 8.02388]},
			"faces": {
				"north": {"uv": [8.75, 0, 9.35156, 0.5], "rotation": 180, "texture": "#2"},
				"east": {"uv": [3.22656, 8.5, 3.875, 9], "rotation": 180, "texture": "#2"},
				"south": {"uv": [8.47656, 8.25, 9.07813, 8.75], "rotation": 180, "texture": "#2"},
				"west": {"uv": [8.5, 5, 9.14844, 5.5], "rotation": 180, "texture": "#2"},
				"up": {"uv": [8.57813, 4.25, 7.97656, 4.89844], "texture": "#2"},
				"down": {"uv": [8.57813, 4.14844, 7.97656, 3.5], "texture": "#2"}
			}
		},
		{
			"from": [6.4, 4.7412, 6.74776],
			"to": [9.5, 6.7412, 9.34776],
			"rotation": {"angle": 0, "axis": "y", "origin": [8, 5.5206, 8.02388]},
			"faces": {
				"north": {"uv": [6.97656, 8.5, 7.57813, 9], "rotation": 180, "texture": "#2"},
				"east": {"uv": [8.22656, 2.5, 8.875, 3], "rotation": 180, "texture": "#2"},
				"south": {"uv": [8.47656, 6.75, 9.07813, 7.25], "rotation": 180, "texture": "#2"},
				"west": {"uv": [8.22656, 3, 8.875, 3.5], "rotation": 180, "texture": "#2"},
				"up": {"uv": [2.32813, 8, 1.72656, 8.64844], "texture": "#2"},
				"down": {"uv": [8.57813, 1.64844, 7.97656, 1], "texture": "#2"}
			}
		},
		{
			"from": [6.5, 5.15905, 4.29657],
			"to": [9.4, 7.15905, 7.29657],
			"rotation": {"angle": -22.5, "axis": "x", "origin": [8, 5.5206, 8.02388]},
			"faces": {
				"north": {"uv": [8.47852, 7.75, 9.08008, 8.25], "rotation": 180, "texture": "#2"},
				"east": {"uv": [8.22656, 5.75, 8.875, 6.25], "rotation": 180, "texture": "#2"},
				"south": {"uv": [8.47852, 7.25, 9.08008, 7.75], "rotation": 180, "texture": "#2"},
				"west": {"uv": [8.22656, 6.25, 8.875, 6.75], "rotation": 180, "texture": "#2"},
				"up": {"uv": [3.07813, 8, 2.47656, 8.64844], "texture": "#2"},
				"down": {"uv": [8.57813, 2.39844, 7.97656, 1.75], "texture": "#2"}
			}
		}
	],
	"display": {
		"thirdperson_righthand": {
			"translation": [0, 12.5, 1.75]
		},
		"thirdperson_lefthand": {
			"translation": [0, 12.5, 1.75]
		},
		"firstperson_righthand": {
			"rotation": [-26.77, 12.87, -13.34],
			"translation": [12.75, 5.75, -18],
			"scale": [0.99, 1.4, 1.4]
		},
		"firstperson_lefthand": {
			"rotation": [-26.77, 12.87, -13.34],
			"translation": [12.75, 5.75, -18],
			"scale": [0.99, 1.4, 1.4]
		},
		"ground": {
			"rotation": [0, 0, 90],
			"translation": [0.5, 0, -0.25]
		},
		"gui": {
			"rotation": [93.98, 43.26, -96.02],
			"scale": [0.54, 0.54, 0.54]
		},
		"head": {
			"rotation": [103, 0, 0],
			"translation": [0, 3, -12],
			"scale": [1, 1.36, 1.34]
		},
		"fixed": {
			"rotation": [0, -90, 0],
			"translation": [0, 3, -3]
		},
		"on_shelf": {
			"rotation": [0, -87.75, 0],
			"scale": [0.58, 0.58, 0.58]
		}
	},
	"groups": [
		{
			"name": "group",
			"origin": [7, -2.1, 4.6],
			"color": 0,
			"children": [0, 1, 2, 3, 4, 5, 6, 7]
		},
		{
			"name": "group",
			"origin": [8, 2, 8],
			"color": 0,
			"children": [8, 9, 10, 11, 12, 13, 14, 15, 16, 17, 18]
		},
		{
			"name": "group",
			"origin": [8, 7, 8.55],
			"color": 0,
			"children": [19, 20, 21, 22, 23, 24, 25, 26, 27]
		}
	]
}